,Week,Sum_Cases,Sum_Deaths
0,2020-01-22_confirmed,723.0,1.0
1,2020-01-23_confirmed,734.0,1.0
2,2020-01-24_confirmed,741.0,1.0
3,2020-01-25_confirmed,751.0,1.0
4,2020-01-26_confirmed,759.0,1.0
5,2020-01-27_confirmed,769.0,1.0
6,2020-01-28_confirmed,775.0,1.0
7,2020-01-29_confirmed,779.0,1.0
8,2020-01-30_confirmed,786.0,1.0
9,2020-01-31_confirmed,802.0,1.0
10,2020-02-01_confirmed,830.0,1.0
11,2020-02-02_confirmed,32.0,1.0
12,2020-02-03_confirmed,39.0,1.0
13,2020-02-04_confirmed,43.0,1.0
14,2020-02-05_confirmed,45.0,1.0
15,2020-02-06_confirmed,49.0,1.0
16,2020-02-07_confirmed,55.0,2.0
17,2020-02-08_confirmed,88.0,2.0
18,2020-02-09_confirmed,95.0,2.0
19,2020-02-10_confirmed,102.0,2.0
20,2020-02-11_confirmed,111.0,2.0
21,2020-02-12_confirmed,115.0,2.0
22,2020-02-13_confirmed,119.0,2.0
23,2020-02-14_confirmed,122.0,2.0
24,2020-02-15_confirmed,132.0,2.0
25,2020-02-16_confirmed,144.0,2.0
26,2020-02-17_confirmed,151.0,2.0
27,2020-02-18_confirmed,166.0,3.0
28,2020-02-19_confirmed,176.0,3.0
29,2020-02-20_confirmed,187.0,3.0
30,2020-02-21_confirmed,211.0,3.0
31,2020-02-22_confirmed,231.0,3.0
32,2020-02-23_confirmed,246.0,3.0
33,2020-02-24_confirmed,265.0,3.0
34,2020-02-25_confirmed,304.0,3.0
35,2020-02-26_confirmed,329.0,3.0
36,2020-02-27_confirmed,371.0,3.0
37,2020-02-28_confirmed,396.0,3.0
38,2020-02-29_confirmed,458.0,4.0
39,2020-03-01_confirmed,504.0,4.0
40,2020-03-02_confirmed,618.0,9.0
41,2020-03-03_confirmed,709.0,10.0
42,2020-03-04_confirmed,815.0,14.0
43,2020-03-05_confirmed,961.0,16.0
44,2020-03-06_confirmed,1106.0,20.0
45,2020-03-07_confirmed,1384.0,24.0
46,2020-03-08_confirmed,1645.0,27.0
47,2020-03-09_confirmed,2025.0,32.0
48,2020-03-10_confirmed,2607.0,37.0
49,2020-03-11_confirmed,3189.0,42.0
50,2020-03-12_confirmed,3978.0,47.0
51,2020-03-13_confirmed,4998.0,54.0
52,2020-03-14_confirmed,6059.0,66.0
53,2020-03-15_confirmed,7373.0,73.0
54,2020-03-16_confirmed,8852.0,109.0
55,2020-03-17_confirmed,11004.0,138.0
56,2020-03-18_confirmed,14572.0,191.0
57,2020-03-19_confirmed,20066.0,269.0
58,2020-03-20_confirmed,25495.0,313.0
59,2020-03-21_confirmed,33717.0,424.0
60,2020-03-22_confirmed,41442.0,523.0
61,2020-03-23_confirmed,51571.0,657.0
62,2020-03-24_confirmed,62714.0,893.0
63,2020-03-25_confirmed,77797.0,1192.0
64,2020-03-26_confirmed,94634.0,1548.0
65,2020-03-27_confirmed,112338.0,1995.0
66,2020-03-28_confirmed,132942.0,2607.0
67,2020-03-29_confirmed,152120.0,3189.0
68,2020-03-30_confirmed,174021.0,4007.0
69,2020-03-31_confirmed,197205.0,5139.0
70,2020-04-01_confirmed,223437.0,6337.0
71,2020-04-02_confirmed,252648.0,7968.0
72,2020-04-03_confirmed,287845.0,9666.0
73,2020-04-04_confirmed,321766.0,11145.0
74,2020-04-05_confirmed,346225.0,12698.0
75,2020-04-06_confirmed,376027.0,14510.0
76,2020-04-07_confirmed,406319.0,16871.0
77,2020-04-08_confirmed,438906.0,19107.0
78,2020-04-09_confirmed,473113.0,21312.0
79,2020-04-10_confirmed,506404.0,24055.0
80,2020-04-11_confirmed,556884.0,26566.0
81,2020-04-12_confirmed,565308.0,27684.0
82,2020-04-13_confirmed,590154.0,29470.0
83,2020-04-14_confirmed,615913.0,31156.0
84,2020-04-15_confirmed,645776.0,33653.0
85,2020-04-16_confirmed,679112.0,35898.0
86,2020-04-17_confirmed,710369.0,38072.0
87,2020-04-18_confirmed,738781.0,39402.0
88,2020-04-19_confirmed,764012.0,41959.0
89,2020-04-20_confirmed,789650.0,43812.0
90,2020-04-21_confirmed,815504.0,46630.0
91,2020-04-22_confirmed,843941.0,48617.0
92,2020-04-23_confirmed,875731.0,50360.0
93,2020-04-24_confirmed,913145.0,52916.0
94,2020-04-25_confirmed,947726.0,54818.0
95,2020-04-26_confirmed,973408.0,55937.0
96,2020-04-27_confirmed,996122.0,57305.0
97,2020-04-28_confirmed,1021687.0,59588.0
98,2020-04-29_confirmed,1049621.0,62120.0
99,2020-04-30_confirmed,1079590.0,64180.0
100,2020-05-01_confirmed,1112467.0,65939.0
101,2020-05-02_confirmed,1142970.0,67344.0
102,2020-05-03_confirmed,1167799.0,68945.0
103,2020-05-04_confirmed,1189272.0,69930.0
104,2020-05-05_confirmed,1213575.0,72349.0
105,2020-05-06_confirmed,1237807.0,74834.0
106,2020-05-07_confirmed,1265992.0,76830.0
107,2020-05-08_confirmed,1293312.0,78416.0
108,2020-05-09_confirmed,1318661.0,79839.0
109,2020-05-10_confirmed,1338996.0,80672.0
110,2020-05-11_confirmed,1356566.0,81574.0
111,2020-05-12_confirmed,1379046.0,83189.0
112,2020-05-13_confirmed,1400725.0,84825.0
113,2020-05-14_confirmed,1428042.0,86487.0
114,2020-05-15_confirmed,1453719.0,87844.0
115,2020-05-16_confirmed,1478574.0,88935.0
116,2020-05-17_confirmed,1497298.0,89752.0
117,2020-05-18_confirmed,1518623.0,90825.0
118,2020-05-19_confirmed,1540300.0,92340.0
119,2020-05-20_confirmed,1563032.0,93714.0
120,2020-05-21_confirmed,1589308.0,95034.0
121,2020-05-22_confirmed,1612845.0,96177.0
122,2020-05-23_confirmed,1635527.0,97255.0
123,2020-05-24_confirmed,1656024.0,97995.0
124,2020-05-25_confirmed,1674046.0,98779.0
125,2020-05-26_confirmed,1691624.0,99458.0
126,2020-05-27_confirmed,1713322.0,100827.0
127,2020-05-28_confirmed,1737161.0,101976.0
128,2020-05-29_confirmed,1762598.0,103192.0
129,2020-05-30_confirmed,1785493.0,104049.0
130,2020-05-31_confirmed,1804409.0,104671.0
131,2020-06-01_confirmed,1825152.0,105355.0
132,2020-06-02_confirmed,1846947.0,106598.0
133,2020-06-03_confirmed,1868319.0,107573.0
134,2020-06-04_confirmed,1890242.0,108529.0
135,2020-06-05_confirmed,1919126.0,109598.0
136,2020-06-06_confirmed,1942913.0,110361.0
137,2020-06-07_confirmed,1961261.0,110800.0
138,2020-06-08_confirmed,1977825.0,111428.0
139,2020-06-09_confirmed,1997277.0,112378.0
140,2020-06-10_confirmed,2019300.0,113244.0
141,2020-06-11_confirmed,2042865.0,114077.0
142,2020-06-12_confirmed,2068866.0,114838.0
143,2020-06-13_confirmed,2095783.0,115628.0
144,2020-06-14_confirmed,2116752.0,116040.0
145,2020-06-15_confirmed,2135870.0,116486.0
146,2020-06-16_confirmed,2163977.0,117242.0
147,2020-06-17_confirmed,2191225.0,118000.0
148,2020-06-18_confirmed,2221376.0,118680.0
149,2020-06-19_confirmed,2255709.0,119432.0
150,2020-06-20_confirmed,2290592.0,120027.0
151,2020-06-21_confirmed,2319097.0,120371.0
152,2020-06-22_confirmed,2346765.0,120792.0
153,2020-06-23_confirmed,2384929.0,121634.0
154,2020-06-24_confirmed,2425800.0,122381.0
155,2020-06-25_confirmed,2469889.0,123017.0
156,2020-06-26_confirmed,2519526.0,123697.0
157,2020-06-27_confirmed,2567060.0,126166.0
158,2020-06-28_confirmed,2608944.0,126539.0
159,2020-06-29_confirmed,2645025.0,126985.0
160,2020-06-30_confirmed,2694381.0,128339.0
161,2020-07-01_confirmed,2748396.0,129106.0
162,2020-07-02_confirmed,2806194.0,129774.0
163,2020-07-03_confirmed,2866823.0,130545.0
164,2020-07-04_confirmed,2918396.0,131027.0
165,2020-07-05_confirmed,2961464.0,131429.0
166,2020-07-06_confirmed,3005858.0,131928.0
167,2020-07-07_confirmed,3063141.0,132933.0
168,2020-07-08_confirmed,3126580.0,133833.0
169,2020-07-09_confirmed,3192481.0,134838.0
170,2020-07-10_confirmed,3262754.0,135769.0
171,2020-07-11_confirmed,3328181.0,136579.0
172,2020-07-12_confirmed,3387781.0,137301.0
173,2020-07-13_confirmed,3442087.0,137902.0
174,2020-07-14_confirmed,3511679.0,138958.0
175,2020-07-15_confirmed,3577774.0,140000.0
176,2020-07-16_confirmed,3650198.0,141041.0
177,2020-07-17_confirmed,3729529.0,142041.0
178,2020-07-18_confirmed,3796103.0,143046.0
179,2020-07-19_confirmed,3856885.0,143768.0
180,2020-07-20_confirmed,3911720.0,144478.0
181,2020-07-21_confirmed,3976335.0,145670.0
182,2020-07-22_confirmed,4042798.0,146822.0
183,2020-07-23_confirmed,4110111.0,148036.0
184,2020-07-24_confirmed,4183569.0,149410.0
185,2020-07-25_confirmed,4247829.0,150329.0
186,2020-07-26_confirmed,4303568.0,151062.0
187,2020-07-27_confirmed,4354257.0,151809.0
188,2020-07-28_confirmed,4415013.0,152446.0
189,2020-07-29_confirmed,4478215.0,154346.0
190,2020-07-30_confirmed,4544108.0,155743.0
191,2020-07-31_confirmed,4610610.0,157023.0
192,2020-08-01_confirmed,4670408.0,158176.0
193,2020-08-02_confirmed,4719936.0,158854.0
194,2020-08-03_confirmed,4760145.0,159479.0
195,2020-08-04_confirmed,4814899.0,160721.0
196,2020-08-05_confirmed,4870151.0,161968.0
197,2020-08-06_confirmed,4924517.0,163130.0
198,2020-08-07_confirmed,4984612.0,164346.0
199,2020-08-08_confirmed,5037365.0,165374.0
200,2020-08-09_confirmed,5082515.0,166161.0
201,2020-08-10_confirmed,5118724.0,166821.0
202,2020-08-11_confirmed,5168403.0,168139.0
203,2020-08-12_confirmed,5219894.0,169464.0
204,2020-08-13_confirmed,5269070.0,170502.0
205,2020-08-14_confirmed,5321330.0,171497.0
206,2020-08-15_confirmed,5369847.0,172681.0
207,2020-08-16_confirmed,5406824.0,173348.0
208,2020-08-17_confirmed,5441225.0,173948.0
209,2020-08-18_confirmed,5482558.0,175025.0
210,2020-08-19_confirmed,5526386.0,176131.0
211,2020-08-20_confirmed,5568686.0,177135.0
212,2020-08-21_confirmed,5614889.0,178055.0
213,2020-08-22_confirmed,5657710.0,179043.0
214,2020-08-23_confirmed,5689977.0,179594.0
215,2020-08-24_confirmed,5723141.0,180115.0
216,2020-08-25_confirmed,5762198.0,181133.0
217,2020-08-26_confirmed,5807411.0,182432.0
218,2020-08-27_confirmed,5851974.0,183339.0
219,2020-08-28_confirmed,5896783.0,184246.0
220,2020-08-29_confirmed,5938550.0,185188.0
221,2020-08-30_confirmed,5972090.0,185694.0
222,2020-08-31_confirmed,6003126.0,186278.0
223,2020-09-01_confirmed,6044979.0,187230.0
224,2020-09-02_confirmed,6084750.0,188111.0
225,2020-09-03_confirmed,6127194.0,188926.0
226,2020-09-04_confirmed,6175135.0,189740.0
227,2020-09-05_confirmed,6216595.0,190562.0
228,2020-09-06_confirmed,6247658.0,191060.0
229,2020-09-07_confirmed,6273331.0,191414.0
230,2020-09-08_confirmed,6298008.0,191805.0
231,2020-09-09_confirmed,6333277.0,192792.0
232,2020-09-10_confirmed,6370112.0,193740.0
233,2020-09-11_confirmed,6414686.0,194642.0
234,2020-09-12_confirmed,6452935.0,195315.0
235,2020-09-13_confirmed,6485403.0,195765.0
236,2020-09-14_confirmed,6518595.0,196219.0
237,2020-09-15_confirmed,6557046.0,197151.0
238,2020-09-16_confirmed,6599486.0,198203.0
239,2020-09-17_confirmed,6643497.0,198957.0
240,2020-09-18_confirmed,6688857.0,199757.0
241,2020-09-19_confirmed,6731284.0,200454.0
242,2020-09-20_confirmed,6763288.0,200821.0
243,2020-09-21_confirmed,6802881.0,201175.0
244,2020-09-22_confirmed,6854544.0,201955.0
245,2020-09-23_confirmed,6894396.0,202982.0
246,2020-09-24_confirmed,6938500.0,203795.0
247,2020-09-25_confirmed,6993644.0,204584.0
248,2020-09-26_confirmed,7038051.0,205383.0
249,2020-09-27_confirmed,7069876.0,205701.0
250,2020-09-28_confirmed,7105522.0,206052.0
251,2020-09-29_confirmed,7144983.0,206737.0
252,2020-09-30_confirmed,7191695.0,207641.0
253,2020-10-01_confirmed,7238747.0,208403.0
254,2020-10-02_confirmed,7286473.0,209185.0
255,2020-10-03_confirmed,7336880.0,209920.0
256,2020-10-04_confirmed,7371567.0,210311.0
257,2020-10-05_confirmed,7408658.0,210568.0
258,2020-10-06_confirmed,7452956.0,211410.0
259,2020-10-07_confirmed,7504717.0,212224.0
260,2020-10-08_confirmed,7561300.0,213028.0
261,2020-10-09_confirmed,7618274.0,213928.0
262,2020-10-10_confirmed,7668456.0,214606.0
263,2020-10-11_confirmed,7712542.0,215203.0
264,2020-10-12_confirmed,7758904.0,215590.0
265,2020-10-13_confirmed,7811372.0,216286.0
266,2020-10-14_confirmed,7869422.0,216900.0
267,2020-10-15_confirmed,7936970.0,217989.0
268,2020-10-16_confirmed,8004357.0,218801.0
269,2020-10-17_confirmed,8061891.0,219557.0
270,2020-10-18_confirmed,8110093.0,220019.0
271,2020-10-19_confirmed,8166767.0,220692.0
272,2020-10-20_confirmed,8226429.0,221589.0
273,2020-10-21_confirmed,8289673.0,222634.0
274,2020-10-22_confirmed,8365609.0,223534.0
275,2020-10-23_confirmed,8445943.0,224501.0
276,2020-10-24_confirmed,8515481.0,225301.0
277,2020-10-25_confirmed,8578706.0,225757.0
278,2020-10-26_confirmed,8650088.0,226533.0
279,2020-10-27_confirmed,8721936.0,227432.0
280,2020-10-28_confirmed,8805459.0,228356.0
281,2020-10-29_confirmed,8894321.0,229381.0
282,2020-10-30_confirmed,8990268.0,230285.0
283,2020-10-31_confirmed,9072495.0,231317.0
284,2020-11-01_confirmed,9214902.0,231829.0
285,2020-11-02_confirmed,9307024.0,232514.0
286,2020-11-03_confirmed,9406687.0,233775.0
287,2020-11-04_confirmed,9519049.0,234930.0
288,2020-11-05_confirmed,9651673.0,236375.0
289,2020-11-06_confirmed,9780949.0,237519.0
290,2020-11-07_confirmed,9893219.0,238666.0
291,2020-11-08_confirmed,10000717.0,239327.0
292,2020-11-09_confirmed,10133776.0,240454.0
293,2020-11-10_confirmed,10280441.0,241717.0
294,2020-11-11_confirmed,10437422.0,243244.0
295,2020-11-12_confirmed,10589072.0,244391.0
296,2020-11-13_confirmed,10766257.0,245653.0
297,2020-11-14_confirmed,10937668.0,247197.0
298,2020-11-15_confirmed,11071119.0,247969.0
299,2020-11-16_confirmed,11224879.0,248943.0
300,2020-11-17_confirmed,11382773.0,250448.0
301,2020-11-18_confirmed,11551712.0,252317.0
302,2020-11-19_confirmed,11748393.0,254480.0
303,2020-11-20_confirmed,11933612.0,256159.0
304,2020-11-21_confirmed,12142528.0,257782.0
305,2020-11-22_confirmed,12280886.0,258977.0
306,2020-11-23_confirmed,12449302.0,260667.0
307,2020-11-24_confirmed,12629489.0,262550.0
308,2020-11-25_confirmed,12815977.0,264718.0
309,2020-11-26_confirmed,12942961.0,266099.0
310,2020-11-27_confirmed,13129425.0,267570.0
311,2020-11-28_confirmed,13301175.0,269402.0
312,2020-11-29_confirmed,13425002.0,270447.0
313,2020-11-30_confirmed,13580956.0,272137.0
314,2020-12-01_confirmed,13787256.0,274478.0
315,2020-12-02_confirmed,14010554.0,277124.0
316,2020-12-03_confirmed,14233713.0,279762.0
317,2020-12-04_confirmed,14468179.0,282313.0
318,2020-12-05_confirmed,14681393.0,285120.0
319,2020-12-06_confirmed,14847671.0,286458.0
320,2020-12-07_confirmed,15028009.0,288302.0
321,2020-12-08_confirmed,15264341.0,290725.0
322,2020-12-09_confirmed,15499858.0,293876.0
323,2020-12-10_confirmed,15728527.0,296664.0
324,2020-12-11_confirmed,15966611.0,300132.0
325,2020-12-12_confirmed,16185666.0,302954.0
326,2020-12-13_confirmed,16363481.0,304704.0
327,2020-12-14_confirmed,16552492.0,306829.0
328,2020-12-15_confirmed,16764753.0,309697.0
329,2020-12-16_confirmed,16998249.0,313028.0
330,2020-12-17_confirmed,17231457.0,316338.0
331,2020-12-18_confirmed,17469639.0,319229.0
332,2020-12-19_confirmed,17685231.0,322542.0
333,2020-12-20_confirmed,17848834.0,324543.0
334,2020-12-21_confirmed,18010120.0,326572.0
335,2020-12-22_confirmed,18204243.0,329157.0
336,2020-12-23_confirmed,18416157.0,332224.0
337,2020-12-24_confirmed,18609204.0,335535.0
338,2020-12-25_confirmed,18704742.0,336703.0
339,2020-12-26_confirmed,18833307.0,338955.0
340,2020-12-27_confirmed,18959804.0,340637.0
341,2020-12-28_confirmed,19201842.0,344619.0
342,2020-12-29_confirmed,19461060.0,348399.0
343,2020-12-30_confirmed,19743411.0,351946.0
344,2020-12-31_confirmed,19980398.0,355549.0
345,2021-01-01_confirmed,20145605.0,358243.0
346,2021-01-02_confirmed,20378502.0,361688.0
347,2021-01-03_confirmed,20605368.0,364026.0
348,2021-01-04_confirmed,20780735.0,366379.0
349,2021-01-05_confirmed,21047416.0,370255.0
350,2021-01-06_confirmed,21346150.0,374401.0
351,2021-01-07_confirmed,21607462.0,378414.0
352,2021-01-08_confirmed,21899032.0,382141.0
353,2021-01-09_confirmed,22131778.0,386011.0
354,2021-01-10_confirmed,22332514.0,388250.0
355,2021-01-11_confirmed,22515192.0,390849.0
356,2021-01-12_confirmed,22731249.0,395007.0
357,2021-01-13_confirmed,22958512.0,399137.0
358,2021-01-14_confirmed,23201411.0,403105.0
359,2021-01-15_confirmed,23425769.0,406690.0
360,2021-01-16_confirmed,23622964.0,410618.0
361,2021-01-17_confirmed,23784254.0,412948.0
362,2021-01-18_confirmed,23925034.0,415093.0
363,2021-01-19_confirmed,24060753.0,417411.0
364,2021-01-20_confirmed,24280475.0,421674.0
365,2021-01-21_confirmed,24477319.0,425607.0
366,2021-01-22_confirmed,24659636.0,429210.0
367,2021-01-23_confirmed,24825671.0,432816.0
368,2021-01-24_confirmed,24954943.0,434884.0
369,2021-01-25_confirmed,25075396.0,436963.0
370,2021-01-26_confirmed,25222006.0,440413.0
371,2021-01-27_confirmed,25377581.0,444117.0
372,2021-01-28_confirmed,25530565.0,447537.0
373,2021-01-29_confirmed,25690344.0,450990.0
374,2021-01-30_confirmed,25829513.0,453908.0
375,2021-01-31_confirmed,25936189.0,456018.0
376,2021-02-01_confirmed,26053759.0,457975.0
377,2021-02-02_confirmed,26171732.0,461190.0
378,2021-02-03_confirmed,26290000.0,464721.0
379,2021-02-04_confirmed,26410241.0,469432.0
380,2021-02-05_confirmed,26537740.0,472502.0
381,2021-02-06_confirmed,26632509.0,475497.0
382,2021-02-07_confirmed,26730622.0,477193.0
383,2021-02-08_confirmed,26804769.0,478611.0
384,2021-02-09_confirmed,26898198.0,481307.0
385,2021-02-10_confirmed,26994663.0,484217.0
386,2021-02-11_confirmed,27092490.0,487778.0
387,2021-02-12_confirmed,27186302.0,492814.0
388,2021-02-13_confirmed,27269193.0,496072.0
389,2021-02-14_confirmed,27332482.0,497308.0
390,2021-02-15_confirmed,27382891.0,498552.0
391,2021-02-16_confirmed,27439488.0,500165.0
392,2021-02-17_confirmed,27508100.0,502460.0
393,2021-02-18_confirmed,27572931.0,504881.0
394,2021-02-19_confirmed,27643847.0,507226.0
395,2021-02-20_confirmed,27710859.0,509000.0
396,2021-02-21_confirmed,27764059.0,510213.0
397,2021-02-22_confirmed,27814852.0,511505.0
398,2021-02-23_confirmed,27882295.0,513368.0
399,2021-02-24_confirmed,27955838.0,515714.0
400,2021-02-25_confirmed,28031297.0,517722.0
401,2021-02-26_confirmed,28092309.0,519378.0
402,2021-02-27_confirmed,28168885.0,521007.0
403,2021-02-28_confirmed,28218911.0,521976.0
404,2021-03-01_confirmed,28265049.0,523353.0
405,2021-03-02_confirmed,28319411.0,524854.0
406,2021-03-03_confirmed,28387377.0,527286.0
407,2021-03-04_confirmed,28451410.0,528858.0
408,2021-03-05_confirmed,28516080.0,530356.0
409,2021-03-06_confirmed,28569899.0,531676.0
410,2021-03-07_confirmed,28611095.0,532436.0
411,2021-03-08_confirmed,28654248.0,533618.0
412,2021-03-09_confirmed,28708732.0,535189.0
413,2021-03-10_confirmed,28765805.0,536600.0
414,2021-03-11_confirmed,28823121.0,537924.0
415,2021-03-12_confirmed,28880801.0,539324.0
416,2021-03-13_confirmed,28938651.0,539153.0
417,2021-03-14_confirmed,28982774.0,539632.0
418,2021-03-15_confirmed,29027980.0,540336.0
419,2021-03-16_confirmed,29079785.0,541306.0
420,2021-03-17_confirmed,29137212.0,542260.0
421,2021-03-18_confirmed,29194107.0,543624.0
422,2021-03-19_confirmed,29250133.0,544910.0
423,2021-03-20_confirmed,29299298.0,545525.0
424,2021-03-21_confirmed,29336980.0,546140.0
425,2021-03-22_confirmed,29381288.0,546547.0
426,2021-03-23_confirmed,29435966.0,547280.0
427,2021-03-24_confirmed,29535096.0,548711.0
428,2021-03-25_confirmed,29594818.0,549722.0
429,2021-03-26_confirmed,29665754.0,550757.0
430,2021-03-27_confirmed,29728009.0,551398.0
431,2021-03-28_confirmed,29788694.0,551812.0
432,2021-03-29_confirmed,29846151.0,552713.0
433,2021-03-30_confirmed,29900656.0,553426.0
434,2021-03-31_confirmed,29975064.0,554490.0
435,2021-04-01_confirmed,30050262.0,556840.0
436,2021-04-02_confirmed,30118331.0,557629.0
437,2021-04-03_confirmed,30180561.0,558227.0
438,2021-04-04_confirmed,30217854.0,558791.0
439,2021-04-05_confirmed,30279031.0,559192.0
440,2021-04-06_confirmed,30357634.0,560173.0
441,2021-04-07_confirmed,30432525.0,560978.0
442,2021-04-08_confirmed,30510072.0,561803.0
443,2021-04-09_confirmed,30589480.0,561793.0
444,2021-04-10_confirmed,30655413.0,562387.0
445,2021-04-11_confirmed,30698465.0,562725.0
446,2021-04-12_confirmed,30758008.0,563426.0
447,2021-04-13_confirmed,30837674.0,564253.0
448,2021-04-14_confirmed,30913048.0,565047.0
449,2021-04-15_confirmed,30984075.0,565763.0
450,2021-04-16_confirmed,31057037.0,566623.0
451,2021-04-17_confirmed,31122464.0,567142.0
452,2021-04-18_confirmed,31164451.0,567384.0
453,2021-04-19_confirmed,31221478.0,568070.0
454,2021-04-20_confirmed,31281517.0,568882.0
455,2021-04-21_confirmed,31345481.0,569645.0
456,2021-04-22_confirmed,31407921.0,570465.0
457,2021-04-23_confirmed,31470402.0,571040.0
458,2021-04-24_confirmed,31520107.0,571576.0
459,2021-04-25_confirmed,31554875.0,571851.0
460,2021-04-26_confirmed,31597851.0,572584.0
461,2021-04-27_confirmed,31646500.0,573226.0
462,2021-04-28_confirmed,31704249.0,573979.0
463,2021-04-29_confirmed,31761029.0,574629.0
464,2021-04-30_confirmed,31814850.0,575156.0
465,2021-05-01_confirmed,31862208.0,575775.0
466,2021-05-02_confirmed,31889822.0,575998.0
467,2021-05-03_confirmed,31933703.0,576452.0
468,2021-05-04_confirmed,31976652.0,577186.0
469,2021-05-05_confirmed,32022023.0,577790.0
470,2021-05-06_confirmed,32066483.0,578426.0
471,2021-05-07_confirmed,32111495.0,579118.0
472,2021-05-08_confirmed,32146421.0,579649.0
473,2021-05-09_confirmed,32165894.0,580337.0
474,2021-05-10_confirmed,32199796.0,580720.0
475,2021-05-11_confirmed,32234078.0,581362.0
476,2021-05-12_confirmed,32271316.0,582008.0
477,2021-05-13_confirmed,32308481.0,582684.0
478,2021-05-14_confirmed,32348078.0,583376.0
479,2021-05-15_confirmed,32375865.0,583871.0
480,2021-05-16_confirmed,32392549.0,584192.0
481,2021-05-17_confirmed,32418977.0,584567.0
482,2021-05-18_confirmed,32445833.0,585412.0
483,2021-05-19_confirmed,32476083.0,585934.0
484,2021-05-20_confirmed,32505869.0,586582.0
485,2021-05-21_confirmed,32533107.0,587227.0
486,2021-05-22_confirmed,32550864.0,587674.0
487,2021-05-23_confirmed,32563561.0,587901.0
488,2021-05-24_confirmed,32585917.0,588294.0
489,2021-05-25_confirmed,32610074.0,588973.0
490,2021-05-26_confirmed,32633518.0,589454.0
491,2021-05-27_confirmed,32656223.0,590622.0
492,2021-05-28_confirmed,32679220.0,591151.0
493,2021-05-29_confirmed,32690384.0,591469.0
494,2021-05-30_confirmed,32697017.0,591612.0
495,2021-05-31_confirmed,32702877.0,591741.0
496,2021-06-01_confirmed,32725462.0,592410.0
497,2021-06-02_confirmed,32743081.0,592901.0
498,2021-06-03_confirmed,32760015.0,593405.0
499,2021-06-04_confirmed,32776943.0,593855.0
500,2021-06-05_confirmed,32789114.0,594207.0
501,2021-06-06_confirmed,32794843.0,594332.0
502,2021-06-07_confirmed,32810485.0,594672.0
503,2021-06-08_confirmed,32822878.0,595030.0
504,2021-06-09_confirmed,32841851.0,595384.0
505,2021-06-10_confirmed,32855958.0,595735.0
506,2021-06-11_confirmed,32842261.0,596409.0
507,2021-06-12_confirmed,32848554.0,596673.0
508,2021-06-13_confirmed,32853094.0,596914.0
509,2021-06-14_confirmed,32866513.0,597159.0
510,2021-06-15_confirmed,32877942.0,597488.0
511,2021-06-16_confirmed,32891313.0,597770.0
512,2021-06-17_confirmed,32902368.0,598058.0
513,2021-06-18_confirmed,32922122.0,598636.0
514,2021-06-19_confirmed,32929069.0,598796.0
515,2021-06-20_confirmed,32932439.0,598861.0
516,2021-06-21_confirmed,32945347.0,599143.0
517,2021-06-22_confirmed,32956167.0,599452.0
518,2021-06-23_confirmed,32970119.0,599780.0
519,2021-06-24_confirmed,32982721.0,600010.0
520,2021-06-25_confirmed,33004978.0,600522.0
521,2021-06-26_confirmed,33011516.0,600654.0
522,2021-06-27_confirmed,33015338.0,600726.0
523,2021-06-28_confirmed,33033115.0,600931.0
524,2021-06-29_confirmed,33046255.0,601245.0
525,2021-06-30_confirmed,33068950.0,601586.0
526,2021-07-01_confirmed,33086569.0,601829.0
527,2021-07-02_confirmed,33107117.0,602082.0
528,2021-07-03_confirmed,33113479.0,602206.0
529,2021-07-04_confirmed,33119057.0,602266.0
530,2021-07-05_confirmed,33127474.0,602332.0
531,2021-07-06_confirmed,33154953.0,602638.0
532,2021-07-07_confirmed,33181310.0,603014.0
533,2021-07-08_confirmed,33208452.0,603238.0
534,2021-07-09_confirmed,33241431.0,603561.0
535,2021-07-10_confirmed,33253361.0,603673.0
536,2021-07-11_confirmed,33265907.0,603756.0
537,2021-07-12_confirmed,33301428.0,604016.0
538,2021-07-13_confirmed,33335859.0,604441.0
539,2021-07-14_confirmed,33377188.0,604776.0
540,2021-07-15_confirmed,33425744.0,605527.0
541,2021-07-16_confirmed,33532597.0,605829.0
542,2021-07-17_confirmed,33548290.0,605993.0
543,2021-07-18_confirmed,33560569.0,606107.0
544,2021-07-19_confirmed,33613019.0,606393.0
545,2021-07-20_confirmed,33652847.0,606747.0
546,2021-07-21_confirmed,33704269.0,607120.0
547,2021-07-22_confirmed,33754960.0,607443.0
548,2021-07-23_confirmed,33821746.0,607898.0
549,2021-07-24_confirmed,33857801.0,608143.0
550,2021-07-25_confirmed,33883429.0,608310.0
551,2021-07-26_confirmed,33982930.0,608733.0
552,2021-07-27_confirmed,34064755.0,609288.0
553,2021-07-28_confirmed,34164665.0,609749.0
554,2021-07-29_confirmed,34255077.0,610171.0
555,2021-07-30_confirmed,34356860.0,610633.0
556,2021-07-31_confirmed,34417478.0,611010.0
557,2021-08-01_confirmed,34451913.0,611274.0
558,2021-08-02_confirmed,34579211.0,611965.0
559,2021-08-03_confirmed,34699127.0,612830.0
560,2021-08-04_confirmed,34833815.0,613500.0
561,2021-08-05_confirmed,34952762.0,614161.0
562,2021-08-06_confirmed,35081483.0,614943.0
563,2021-08-07_confirmed,35141161.0,615493.0
564,2021-08-08_confirmed,35184262.0,615853.0
565,2021-08-09_confirmed,35378134.0,616781.0
566,2021-08-10_confirmed,35515850.0,617806.0
567,2021-08-11_confirmed,35661110.0,618681.0
568,2021-08-12_confirmed,35806539.0,619454.0
569,2021-08-13_confirmed,35951659.0,620429.0
570,2021-08-14_confirmed,36017274.0,621042.0
571,2021-08-15_confirmed,36064661.0,621389.0
572,2021-08-16_confirmed,36281101.0,622414.0
573,2021-08-17_confirmed,36412492.0,623532.0
574,2021-08-18_confirmed,36592278.0,624763.0
575,2021-08-19_confirmed,36737529.0,625670.0
576,2021-08-20_confirmed,36879870.0,626668.0
577,2021-08-21_confirmed,36976030.0,627471.0
578,2021-08-22_confirmed,37026789.0,627842.0
579,2021-08-23_confirmed,37285297.0,629268.0
580,2021-08-24_confirmed,37427452.0,631592.0
581,2021-08-25_confirmed,37618875.0,632911.0
582,2021-08-26_confirmed,37793653.0,634211.0
583,2021-08-27_confirmed,37942253.0,635831.0
584,2021-08-28_confirmed,38044847.0,637221.0
585,2021-08-29_confirmed,38082957.0,637553.0
586,2021-08-30_confirmed,38343454.0,639095.0
587,2021-08-31_confirmed,38519233.0,642002.0
588,2021-09-01_confirmed,38728705.0,643702.0
589,2021-09-02_confirmed,38889222.0,645104.0
590,2021-09-03_confirmed,39045216.0,646926.0
591,2021-09-04_confirmed,39077239.0,647625.0
592,2021-09-05_confirmed,39191053.0,648911.0
593,2021-09-06_confirmed,39258474.0,649581.0
594,2021-09-07_confirmed,39545738.0,652896.0
595,2021-09-08_confirmed,39743750.0,654822.0
596,2021-09-09_confirmed,39891459.0,656350.0
597,2021-09-10_confirmed,40050163.0,658541.0
598,2021-09-11_confirmed,40138042.0,660037.0
599,2021-09-12_confirmed,40182373.0,660458.0
600,2021-09-13_confirmed,40452604.0,662460.0
601,2021-09-14_confirmed,40589230.0,665988.0
602,2021-09-15_confirmed,40771601.0,667876.0
603,2021-09-16_confirmed,40899985.0,669339.0
604,2021-09-17_confirmed,41062693.0,669358.0
605,2021-09-18_confirmed,41149561.0,673504.0
606,2021-09-19_confirmed,41177235.0,673819.0
607,2021-09-20_confirmed,41380466.0,676125.0
608,2021-09-21_confirmed,41508355.0,679691.0
609,2021-09-22_confirmed,41672407.0,681929.0
610,2021-09-23_confirmed,41796271.0,683566.0
611,2021-09-24_confirmed,41913482.0,685730.0
612,2021-09-25_confirmed,41977896.0,686221.0
613,2021-09-26_confirmed,42013516.0,687515.0
614,2021-09-27_confirmed,42192784.0,690176.0
615,2021-09-28_confirmed,42309080.0,692276.0
616,2021-09-29_confirmed,42453025.0,695163.0
617,2021-09-30_confirmed,42556421.0,696528.0
618,2021-10-01_confirmed,42667444.0,698669.0
619,2021-10-02_confirmed,42724662.0,699809.0
620,2021-10-03_confirmed,42749566.0,700021.0
621,2021-10-04_confirmed,42924282.0,701952.0
622,2021-10-05_confirmed,43013686.0,704643.0
623,2021-10-06_confirmed,43146818.0,706637.0
624,2021-10-07_confirmed,43245553.0,707924.0
625,2021-10-08_confirmed,43345891.0,709785.0
626,2021-10-09_confirmed,43392394.0,710077.0
627,2021-10-10_confirmed,43414199.0,710181.0
628,2021-10-11_confirmed,43533066.0,712753.0
629,2021-10-12_confirmed,43629987.0,714219.0
630,2021-10-13_confirmed,43761917.0,717208.0
631,2021-10-14_confirmed,43845525.0,718513.0
632,2021-10-15_confirmed,43937512.0,719610.0
633,2021-10-16_confirmed,43970164.0,720426.0
634,2021-10-17_confirmed,43991161.0,720892.0
635,2021-10-18_confirmed,44105878.0,723357.0
636,2021-10-19_confirmed,44192568.0,725380.0
637,2021-10-20_confirmed,44277020.0,726847.0
638,2021-10-21_confirmed,44347378.0,728151.0
639,2021-10-22_confirmed,44435704.0,729889.0
640,2021-10-23_confirmed,44477386.0,731005.0
641,2021-10-24_confirmed,44500285.0,731667.0
642,2021-10-25_confirmed,44615776.0,732940.0
643,2021-10-26_confirmed,44690774.0,734700.0
644,2021-10-27_confirmed,44777357.0,736078.0
645,2021-10-28_confirmed,44851521.0,737695.0
646,2021-10-29_confirmed,44956139.0,739263.0
647,2021-10-30_confirmed,44984670.0,739702.0
648,2021-10-31_confirmed,45006773.0,740058.0
649,2021-11-01_confirmed,45118810.0,741428.0
650,2021-11-02_confirmed,45188123.0,742900.0
651,2021-11-03_confirmed,45279273.0,744345.0
652,2021-11-04_confirmed,45345712.0,745256.0
653,2021-11-05_confirmed,45454955.0,747931.0
654,2021-11-06_confirmed,45485863.0,748386.0
655,2021-11-07_confirmed,45514765.0,749032.0
656,2021-11-08_confirmed,45628342.0,750090.0
657,2021-11-09_confirmed,45699560.0,751895.0
658,2021-11-10_confirmed,45808271.0,753267.0
659,2021-11-11_confirmed,45866972.0,753562.0
660,2021-11-12_confirmed,46003662.0,755938.0
661,2021-11-13_confirmed,46050236.0,756310.0
662,2021-11-14_confirmed,46071632.0,756660.0
663,2021-11-15_confirmed,46225789.0,757953.0
664,2021-11-16_confirmed,46298406.0,759094.0
665,2021-11-17_confirmed,46415422.0,760405.0
666,2021-11-18_confirmed,46527837.0,762157.0
667,2021-11-19_confirmed,46646876.0,763635.0
668,2021-11-20_confirmed,46677798.0,764006.0
669,2021-11-21_confirmed,46706548.0,764024.0
670,2021-11-22_confirmed,46876203.0,767972.0
671,2021-11-23_confirmed,46966528.0,769428.0
672,2021-11-24_confirmed,47085680.0,770761.0
673,2021-11-25_confirmed,47117390.0,771103.0
674,2021-11-26_confirmed,47202894.0,772483.0
675,2021-11-27_confirmed,47230434.0,772659.0
676,2021-11-28_confirmed,47252519.0,773033.0
677,2021-11-29_confirmed,47442110.0,774631.0
678,2021-11-30_confirmed,47542177.0,775831.0
679,2021-12-01_confirmed,47692676.0,777594.0
680,2021-12-02_confirmed,47815067.0,778634.0
681,2021-12-03_confirmed,47977541.0,780558.0
682,2021-12-04_confirmed,48015021.0,780835.0
683,2021-12-05_confirmed,48059866.0,781670.0
684,2021-12-06_confirmed,48254517.0,783100.0
685,2021-12-07_confirmed,48356646.0,784661.0
686,2021-12-08_confirmed,48507671.0,786078.0
687,2021-12-09_confirmed,48639024.0,787301.0
688,2021-12-10_confirmed,48806734.0,789258.0
689,2021-12-11_confirmed,48845325.0,789463.0
690,2021-12-12_confirmed,48889895.0,789512.0
691,2021-12-13_confirmed,49091033.0,791443.0
692,2021-12-14_confirmed,49203240.0,793290.0
693,2021-12-15_confirmed,49359282.0,797146.0
694,2021-12-16_confirmed,49512457.0,798310.0
695,2021-12-17_confirmed,49683273.0,800281.0
696,2021-12-18_confirmed,49795821.0,800954.0
697,2021-12-19_confirmed,49867871.0,801222.0
698,2021-12-20_confirmed,50157402.0,802666.0
699,2021-12-21_confirmed,50351721.0,804659.0
700,2021-12-22_confirmed,50594130.0,806342.0
701,2021-12-23_confirmed,50893820.0,809766.0
702,2021-12-24_confirmed,51106521.0,810954.0
703,2021-12-25_confirmed,51210246.0,810987.0
704,2021-12-26_confirmed,51429739.0,811253.0
705,2021-12-27_confirmed,51881915.0,813338.0
706,2021-12-28_confirmed,52220801.0,815253.0
707,2021-12-29_confirmed,52732172.0,817132.0
708,2021-12-30_confirmed,53255571.0,818278.0
709,2021-12-31_confirmed,53888739.0,819736.0
710,2022-01-01_confirmed,54139879.0,819992.0
711,2022-01-02_confirmed,54331029.0,820405.0
712,2022-01-03_confirmed,55413798.0,822600.0
713,2022-01-04_confirmed,56032772.0,824787.0
714,2022-01-05_confirmed,56604643.0,826581.0
715,2022-01-06_confirmed,57700560.0,828967.0
716,2022-01-07_confirmed,58479120.0,831102.0
717,2022-01-08_confirmed,59084656.0,832494.0
718,2022-01-09_confirmed,59463705.0,832696.0
719,2022-01-10_confirmed,60689859.0,834854.0
720,2022-01-11_confirmed,61362794.0,837487.0
721,2022-01-12_confirmed,62156064.0,839638.0
722,2022-01-13_confirmed,63146124.0,842123.0
723,2022-01-14_confirmed,63954087.0,845179.0
724,2022-01-15_confirmed,64223065.0,845597.0
725,2022-01-16_confirmed,64741416.0,846807.0
726,2022-01-17_confirmed,65555257.0,848064.0
727,2022-01-18_confirmed,66507104.0,850384.0
728,2022-01-19_confirmed,67572299.0,854221.0
729,2022-01-20_confirmed,68189701.0,856309.0
730,2022-01-21_confirmed,68831372.0,860483.0
731,2022-01-22_confirmed,69098784.0,861160.0
732,2022-01-23_confirmed,69354266.0,861741.0
733,2022-01-24_confirmed,70354807.0,865562.0
734,2022-01-25_confirmed,70774034.0,868239.0
735,2022-01-26_confirmed,71452109.0,871783.0
736,2022-01-27_confirmed,71955412.0,874531.0
737,2022-01-28_confirmed,72388747.0,877648.0
738,2022-01-29_confirmed,72544209.0,878313.0
739,2022-01-30_confirmed,72634967.0,878851.0
740,2022-01-31_confirmed,73272352.0,882994.0
741,2022-02-01_confirmed,73615120.0,886909.0
742,2022-02-02_confirmed,73904355.0,889681.0
743,2022-02-03_confirmed,74191773.0,891687.0
744,2022-02-04_confirmed,74494029.0,896081.0
745,2022-02-05_confirmed,74591415.0,896584.0
746,2022-02-06_confirmed,74764643.0,897910.0
747,2022-02-07_confirmed,75075366.0,901683.0
748,2022-02-08_confirmed,75211482.0,904591.0
749,2022-02-09_confirmed,75433848.0,907730.0
750,2022-02-10_confirmed,75601848.0,910092.0
751,2022-02-11_confirmed,75787299.0,913545.0
752,2022-02-12_confirmed,75867206.0,914095.0
753,2022-02-13_confirmed,75912309.0,914742.0
754,2022-02-14_confirmed,76088602.0,918353.0
755,2022-02-15_confirmed,76180301.0,920817.0
756,2022-02-16_confirmed,76295555.0,923706.0
757,2022-02-17_confirmed,76381981.0,925379.0
758,2022-02-18_confirmed,76490277.0,928267.0
759,2022-02-19_confirmed,76562781.0,929268.0
760,2022-02-20_confirmed,76590780.0,929774.0
761,2022-02-21_confirmed,76662145.0,931156.0
762,2022-02-22_confirmed,76720255.0,934118.0
763,2022-02-23_confirmed,76833974.0,937695.0
764,2022-02-24_confirmed,76883590.0,939254.0
765,2022-02-25_confirmed,76972868.0,942711.0
766,2022-02-26_confirmed,76990746.0,943098.0
767,2022-02-27_confirmed,77025039.0,943573.0
768,2022-02-28_confirmed,77101324.0,946035.0
769,2022-03-01_confirmed,77148286.0,948103.0
770,2022-03-02_confirmed,77197690.0,949411.0
771,2022-03-03_confirmed,77232769.0,950235.0
772,2022-03-04_confirmed,77291998.0,952699.0
773,2022-03-05_confirmed,77311884.0,953293.0
774,2022-03-06_confirmed,77319264.0,953383.0
775,2022-03-07_confirmed,77371214.0,954844.0
776,2022-03-08_confirmed,77401293.0,956989.0
777,2022-03-09_confirmed,77459786.0,959141.0
778,2022-03-10_confirmed,77492906.0,960092.0
779,2022-03-11_confirmed,77541491.0,961810.0
780,2022-03-12_confirmed,77552401.0,962011.0
781,2022-03-13_confirmed,77563544.0,962439.0
782,2022-03-14_confirmed,77602580.0,963888.0
783,2022-03-15_confirmed,77627582.0,965459.0
784,2022-03-16_confirmed,77658824.0,966975.0
785,2022-03-17_confirmed,77682640.0,968125.0
786,2022-03-18_confirmed,77709866.0,968686.0
787,2022-03-19_confirmed,77761439.0,965797.0
788,2022-03-20_confirmed,77775895.0,966306.0
789,2022-03-21_confirmed,77809692.0,967445.0
790,2022-03-22_confirmed,77832935.0,968183.0
791,2022-03-23_confirmed,77870827.0,969357.0
792,2022-03-24_confirmed,77904045.0,970014.0
793,2022-03-25_confirmed,77938785.0,970871.0
794,2022-03-26_confirmed,77953019.0,971180.0
795,2022-03-27_confirmed,77960750.0,971522.0
796,2022-03-28_confirmed,78008682.0,972638.0
797,2022-03-29_confirmed,78036293.0,973507.0
798,2022-03-30_confirmed,78084877.0,974632.0
799,2022-03-31_confirmed,78119285.0,975273.0
800,2022-04-01_confirmed,78153857.0,975951.0
801,2022-04-02_confirmed,78168667.0,975977.0
802,2022-04-03_confirmed,78177877.0,976078.0
803,2022-04-04_confirmed,78216909.0,976769.0
804,2022-04-05_confirmed,78245818.0,977040.0
805,2022-04-06_confirmed,78278082.0,977976.0
806,2022-04-07_confirmed,78306390.0,978690.0
807,2022-04-08_confirmed,78347215.0,979005.0
808,2022-04-09_confirmed,78359162.0,979155.0
809,2022-04-10_confirmed,78382073.0,979349.0
810,2022-04-11_confirmed,78428522.0,979825.0
811,2022-04-12_confirmed,78453833.0,980269.0
812,2022-04-13_confirmed,78511201.0,982018.0
813,2022-04-14_confirmed,78556669.0,982362.0
814,2022-04-15_confirmed,78593126.0,982631.0
815,2022-04-16_confirmed,78606440.0,982684.0
816,2022-04-17_confirmed,78631577.0,982869.0
817,2022-04-18_confirmed,78678389.0,983100.0
818,2022-04-19_confirmed,78730601.0,983878.0
819,2022-04-20_confirmed,78796896.0,984689.0
820,2022-04-21_confirmed,78840506.0,984965.0
821,2022-04-22_confirmed,78885776.0,985275.0
822,2022-04-23_confirmed,78921885.0,985478.0
823,2022-04-24_confirmed,78937373.0,985729.0
824,2022-04-25_confirmed,78999520.0,986063.0
825,2022-04-26_confirmed,79045265.0,986247.0
826,2022-04-27_confirmed,79138890.0,987188.0
827,2022-04-28_confirmed,79195230.0,987403.0
828,2022-04-29_confirmed,79250168.0,987628.0
829,2022-04-30_confirmed,79294450.0,988192.0
830,2022-05-01_confirmed,79319990.0,988413.0
831,2022-05-02_confirmed,79393283.0,988807.0
832,2022-05-03_confirmed,79445008.0,989107.0
833,2022-05-04_confirmed,79552894.0,990792.0
834,2022-05-05_confirmed,79628672.0,991050.0
835,2022-05-06_confirmed,79692147.0,991337.0
836,2022-05-07_confirmed,79782237.0,991529.0
837,2022-05-08_confirmed,79797288.0,991580.0
838,2022-05-09_confirmed,79894138.0,992125.0
839,2022-05-10_confirmed,79958964.0,992332.0
840,2022-05-11_confirmed,80128034.0,993129.0
841,2022-05-12_confirmed,80197438.0,993119.0
842,2022-05-13_confirmed,80275759.0,993406.0
843,2022-05-14_confirmed,80302928.0,993411.0
844,2022-05-15_confirmed,80411171.0,993636.0
845,2022-05-16_confirmed,80530975.0,994141.0
846,2022-05-17_confirmed,80609579.0,994337.0
847,2022-05-18_confirmed,80802070.0,994875.0
848,2022-05-19_confirmed,80885661.0,995117.0
849,2022-05-20_confirmed,80957491.0,995427.0
850,2022-05-21_confirmed,81042114.0,995624.0
851,2022-05-22_confirmed,81102803.0,995672.0
852,2022-05-23_confirmed,81193292.0,995954.0
853,2022-05-24_confirmed,81260775.0,996159.0
854,2022-05-25_confirmed,81460132.0,996943.0
855,2022-05-26_confirmed,81592979.0,997492.0
856,2022-05-27_confirmed,81664023.0,997861.0
857,2022-05-28_confirmed,81745644.0,998018.0
858,2022-05-29_confirmed,81773229.0,998071.0
859,2022-05-30_confirmed,81842604.0,998199.0
860,2022-05-31_confirmed,81931050.0,998406.0
861,2022-06-01_confirmed,82103689.0,998902.0
862,2022-06-02_confirmed,82188546.0,999081.0
863,2022-06-03_confirmed,82285228.0,999515.0
864,2022-06-04_confirmed,82310033.0,999565.0
865,2022-06-05_confirmed,82347321.0,999570.0
866,2022-06-06_confirmed,82513743.0,999622.0
867,2022-06-07_confirmed,82574012.0,1000272.0
868,2022-06-08_confirmed,82748203.0,1001251.0
869,2022-06-09_confirmed,82803093.0,1001395.0
870,2022-06-10_confirmed,82933885.0,1001936.0
871,2022-06-11_confirmed,82961061.0,1002064.0
872,2022-06-12_confirmed,83055648.0,1002189.0
873,2022-06-13_confirmed,83146928.0,1002498.0
874,2022-06-14_confirmed,83229142.0,1002821.0
875,2022-06-15_confirmed,83449693.0,1003568.0
876,2022-06-16_confirmed,83543105.0,1003881.0
877,2022-06-17_confirmed,83653758.0,1004211.0
878,2022-06-18_confirmed,83764415.0,1004858.0
879,2022-06-19_confirmed,83805471.0,1004903.0
880,2022-06-20_confirmed,83870449.0,1005057.0
881,2022-06-21_confirmed,83980750.0,1005307.0
882,2022-06-22_confirmed,84165906.0,1005851.0
883,2022-06-23_confirmed,84253968.0,1006330.0
884,2022-06-24_confirmed,84376986.0,1006751.0
885,2022-06-25_confirmed,84418191.0,1006847.0
886,2022-06-26_confirmed,84471114.0,1006878.0
887,2022-06-27_confirmed,84571265.0,1007052.0
888,2022-06-28_confirmed,84648074.0,1007433.0
889,2022-06-29_confirmed,84893788.0,1009161.0
890,2022-06-30_confirmed,85015197.0,1009654.0
891,2022-07-01_confirmed,85110770.0,1010104.0
892,2022-07-02_confirmed,85145097.0,1010216.0
893,2022-07-03_confirmed,85189532.0,1010323.0
894,2022-07-04_confirmed,85247237.0,1010498.0
895,2022-07-05_confirmed,85375368.0,1010905.0
896,2022-07-06_confirmed,85574011.0,1011477.0
897,2022-07-07_confirmed,85704492.0,1011859.0
898,2022-07-08_confirmed,85811974.0,1012387.0
899,2022-07-09_confirmed,85863952.0,1012500.0
900,2022-07-10_confirmed,85899674.0,1012623.0
901,2022-07-11_confirmed,86036420.0,1011884.0
902,2022-07-12_confirmed,86124512.0,1012248.0
903,2022-07-13_confirmed,86302279.0,1013087.0
904,2022-07-14_confirmed,86491670.0,1013678.0
905,2022-07-15_confirmed,86572214.0,1013950.0
906,2022-07-16_confirmed,86614239.0,1014257.0
907,2022-07-17_confirmed,86670819.0,1014308.0
908,2022-07-18_confirmed,86822690.0,1014625.0
909,2022-07-19_confirmed,86951111.0,1015096.0
910,2022-07-20_confirmed,87156124.0,1015881.0
911,2022-07-21_confirmed,87280788.0,1016150.0
912,2022-07-22_confirmed,87418702.0,1016773.0
913,2022-07-23_confirmed,87448737.0,1016794.0
914,2022-07-24_confirmed,87488379.0,1016806.0
915,2022-07-25_confirmed,87644541.0,1017122.0
916,2022-07-26_confirmed,87721240.0,1017508.0
917,2022-07-27_confirmed,88003809.0,1018677.0
918,2022-07-28_confirmed,88121153.0,1018975.0
919,2022-07-29_confirmed,88222469.0,1019363.0
920,2022-07-30_confirmed,88252374.0,1019448.0
921,2022-07-31_confirmed,88288527.0,1019460.0
922,2022-08-01_confirmed,88421759.0,1019819.0
923,2022-08-02_confirmed,88518988.0,1020573.0
924,2022-08-03_confirmed,88717058.0,1021490.0
925,2022-08-04_confirmed,88836115.0,1022072.0
926,2022-08-05_confirmed,88947977.0,1022712.0
927,2022-08-06_confirmed,88971915.0,1022738.0
928,2022-08-07_confirmed,89003330.0,1022761.0
929,2022-08-08_confirmed,89089194.0,1023001.0
930,2022-08-09_confirmed,89210179.0,1024089.0
931,2022-08-10_confirmed,89383164.0,1024690.0
932,2022-08-11_confirmed,89489020.0,1025088.0
933,2022-08-12_confirmed,89588222.0,1025761.0
934,2022-08-13_confirmed,89609222.0,1025776.0
935,2022-08-14_confirmed,89637072.0,1025788.0
936,2022-08-15_confirmed,89781097.0,1026123.0
937,2022-08-16_confirmed,89876272.0,1027063.0
938,2022-08-17_confirmed,90022624.0,1027697.0
939,2022-08-18_confirmed,90115148.0,1028161.0
940,2022-08-19_confirmed,90210188.0,1028802.0
941,2022-08-20_confirmed,90239604.0,1028815.0
942,2022-08-21_confirmed,90251567.0,1028820.0
943,2022-08-22_confirmed,90344160.0,1029098.0
944,2022-08-23_confirmed,90435640.0,1030093.0
945,2022-08-24_confirmed,90585825.0,1030837.0
946,2022-08-25_confirmed,90677844.0,1031250.0
947,2022-08-26_confirmed,90749778.0,1031799.0
948,2022-08-27_confirmed,90767096.0,1032131.0
949,2022-08-28_confirmed,90846133.0,1032156.0
950,2022-08-29_confirmed,90919636.0,1032433.0
951,2022-08-30_confirmed,90957022.0,1032637.0
952,2022-08-31_confirmed,91124454.0,1034049.0
953,2022-09-01_confirmed,91203837.0,1034482.0
954,2022-09-02_confirmed,91245786.0,1034875.0
955,2022-09-03_confirmed,91255612.0,1034888.0
956,2022-09-04_confirmed,91273228.0,1034892.0
957,2022-09-05_confirmed,91371199.0,1035552.0
958,2022-09-06_confirmed,91466867.0,1035973.0
959,2022-09-07_confirmed,91619235.0,1036416.0
960,2022-09-08_confirmed,91685362.0,1036829.0
961,2022-09-09_confirmed,91723254.0,1037141.0
962,2022-09-10_confirmed,91747894.0,1037496.0
963,2022-09-11_confirmed,91782210.0,1037625.0
964,2022-09-12_confirmed,91779973.0,1037874.0
965,2022-09-13_confirmed,91832783.0,1038316.0
966,2022-09-14_confirmed,91914838.0,1038714.0
967,2022-09-15_confirmed,92009679.0,1039580.0
968,2022-09-16_confirmed,92040604.0,1040032.0
969,2022-09-17_confirmed,92046279.0,1040045.0
970,2022-09-18_confirmed,92084776.0,1040196.0
971,2022-09-19_confirmed,92123975.0,1040406.0
972,2022-09-20_confirmed,92173401.0,1040815.0
973,2022-09-21_confirmed,92264584.0,1041301.0
974,2022-09-22_confirmed,92343359.0,1042216.0
975,2022-09-23_confirmed,92370012.0,1042617.0
976,2022-09-24_confirmed,92385342.0,1042660.0
977,2022-09-25_confirmed,92431782.0,1042922.0
978,2022-09-26_confirmed,92470894.0,1043143.0
979,2022-09-27_confirmed,92509560.0,1043516.0
980,2022-09-28_confirmed,92587515.0,1044038.0
981,2022-09-29_confirmed,92624537.0,1044512.0
982,2022-09-30_confirmed,92644505.0,1045217.0
983,2022-10-01_confirmed,92650175.0,1045450.0
984,2022-10-02_confirmed,92681465.0,1045487.0
985,2022-10-03_confirmed,92711703.0,1045668.0
986,2022-10-04_confirmed,92751657.0,1046117.0
987,2022-10-05_confirmed,92838243.0,1047189.0
988,2022-10-06_confirmed,92871172.0,1047603.0
989,2022-10-07_confirmed,92890542.0,1047841.0
990,2022-10-08_confirmed,92894296.0,1047857.0
991,2022-10-09_confirmed,92938269.0,1048119.0
992,2022-10-10_confirmed,92963334.0,1048281.0
993,2022-10-11_confirmed,92998640.0,1048631.0
994,2022-10-12_confirmed,93063036.0,1049177.0
995,2022-10-13_confirmed,93116667.0,1049816.0
996,2022-10-14_confirmed,93134947.0,1050065.0
997,2022-10-15_confirmed,93139312.0,1050073.0
998,2022-10-16_confirmed,93177028.0,1050369.0
999,2022-10-17_confirmed,93201338.0,1050573.0
1000,2022-10-18_confirmed,93236568.0,1050925.0
1001,2022-10-19_confirmed,93272624.0,1051199.0
1002,2022-10-20_confirmed,93310495.0,1051470.0
1003,2022-10-21_confirmed,93321680.0,1051898.0
1004,2022-10-22_confirmed,93323037.0,1051901.0
1005,2022-10-23_confirmed,93346533.0,1051932.0
1006,2022-10-24_confirmed,93407014.0,1051483.0
1007,2022-10-25_confirmed,93433257.0,1051656.0
1008,2022-10-26_confirmed,93472318.0,1051957.0
1009,2022-10-27_confirmed,93514621.0,1052269.0
1010,2022-10-28_confirmed,93534060.0,1053397.0
1011,2022-10-29_confirmed,93536446.0,1053402.0
1012,2022-10-30_confirmed,93569253.0,1053559.0
1013,2022-10-31_confirmed,93589590.0,1053679.0
1014,2022-11-01_confirmed,93624840.0,1053996.0
1015,2022-11-02_confirmed,93670603.0,1054574.0
1016,2022-11-03_confirmed,93706741.0,1054904.0
1017,2022-11-04_confirmed,93779809.0,1054027.0
1018,2022-11-05_confirmed,93781109.0,1054047.0
1019,2022-11-06_confirmed,93797895.0,1054059.0
1020,2022-11-07_confirmed,93820194.0,1054160.0
1021,2022-11-08_confirmed,93849765.0,1053708.0
1022,2022-11-09_confirmed,93910402.0,1054295.0
1023,2022-11-10_confirmed,93956989.0,1055568.0
1024,2022-11-11_confirmed,93965991.0,1056590.0
1025,2022-11-12_confirmed,93966978.0,1056590.0
1026,2022-11-13_confirmed,93986274.0,1056625.0
1027,2022-11-14_confirmed,94038532.0,1057311.0
1028,2022-11-15_confirmed,94083737.0,1057624.0
1029,2022-11-16_confirmed,94113758.0,1057599.0
1030,2022-11-17_confirmed,94155515.0,1057927.0
1031,2022-11-18_confirmed,94187503.0,1058347.0
1032,2022-11-19_confirmed,94188560.0,1058348.0
1033,2022-11-20_confirmed,94199515.0,1058348.0
1034,2022-11-21_confirmed,94223555.0,1058926.0
1035,2022-11-22_confirmed,94314273.0,1059356.0
1036,2022-11-23_confirmed,94368309.0,1059801.0
1037,2022-11-24_confirmed,94374961.0,1059860.0
1038,2022-11-25_confirmed,94383851.0,1059924.0
1039,2022-11-26_confirmed,94384538.0,1059924.0
1040,2022-11-27_confirmed,94404533.0,1059942.0
1041,2022-11-28_confirmed,94481006.0,1060279.0
1042,2022-11-29_confirmed,94516356.0,1060575.0
1043,2022-11-30_confirmed,94591909.0,1060878.0
1044,2022-12-01_confirmed,94632930.0,1061060.0
1045,2022-12-02_confirmed,94706361.0,1062105.0
1046,2022-12-03_confirmed,94706495.0,1062109.0
1047,2022-12-04_confirmed,94706495.0,1062109.0
1048,2022-12-05_confirmed,94774147.0,1061798.0
1049,2022-12-06_confirmed,94797997.0,1062118.0
1050,2022-12-07_confirmed,94834149.0,1062594.0
1051,2022-12-08_confirmed,94911257.0,1062801.0
1052,2022-12-09_confirmed,95012289.0,1064133.0
1053,2022-12-10_confirmed,95012503.0,1064133.0
1054,2022-12-11_confirmed,95012503.0,1064133.0
1055,2022-12-12_confirmed,95023101.0,1064197.0
1056,2022-12-13_confirmed,95046092.0,1064393.0
1057,2022-12-14_confirmed,95112688.0,1064125.0
1058,2022-12-15_confirmed,95179785.0,1064318.0
1059,2022-12-16_confirmed,95331765.0,1066205.0
1060,2022-12-17_confirmed,95331955.0,1066205.0
1061,2022-12-18_confirmed,95331955.0,1066205.0
1062,2022-12-19_confirmed,95370638.0,1066080.0
1063,2022-12-20_confirmed,95428862.0,1066298.0
1064,2022-12-21_confirmed,95579607.0,1067113.0
1065,2022-12-22_confirmed,95611411.0,1067228.0
1066,2022-12-23_confirmed,95623621.0,1067258.0
1067,2022-12-24_confirmed,95630088.0,1067261.0
1068,2022-12-25_confirmed,95633361.0,1067261.0
1069,2022-12-26_confirmed,95640211.0,1067273.0
1070,2022-12-27_confirmed,95658362.0,1067348.0
1071,2022-12-28_confirmed,95686685.0,1067570.0
1072,2022-12-29_confirmed,95766958.0,1067784.0
1073,2022-12-30_confirmed,95880498.0,1069353.0
1074,2022-12-31_confirmed,95880716.0,1069356.0
1075,2023-01-01_confirmed,95880716.0,1069356.0
1076,2023-01-02_confirmed,95880716.0,1069356.0
1077,2023-01-03_confirmed,95895405.0,1068856.0
1078,2023-01-04_confirmed,95917506.0,1069045.0
1079,2023-01-05_confirmed,96141078.0,1069743.0
1080,2023-01-06_confirmed,96292325.0,1070686.0
1081,2023-01-07_confirmed,96292585.0,1070692.0
1082,2023-01-08_confirmed,96292585.0,1070692.0
1083,2023-01-09_confirmed,96431137.0,1072250.0
1084,2023-01-10_confirmed,96480797.0,1072781.0
1085,2023-01-11_confirmed,96530660.0,1073085.0
1086,2023-01-12_confirmed,96613336.0,1074120.0
1087,2023-01-13_confirmed,96622484.0,1074225.0
1088,2023-01-14_confirmed,96626030.0,1074240.0
1089,2023-01-15_confirmed,96627980.0,1074240.0
1090,2023-01-16_confirmed,96638235.0,1074818.0
1091,2023-01-17_confirmed,96671041.0,1075232.0
1092,2023-01-18_confirmed,96718125.0,1075484.0
1093,2023-01-19_confirmed,96795379.0,1076080.0
1094,2023-01-20_confirmed,96848178.0,1077282.0
1095,2023-01-21_confirmed,96851476.0,1077294.0
1096,2023-01-22_confirmed,96853613.0,1077304.0
1097,2023-01-23_confirmed,96861050.0,1077362.0
1098,2023-01-24_confirmed,96885051.0,1077809.0
1099,2023-01-25_confirmed,96921684.0,1078105.0
1100,2023-01-26_confirmed,97061426.0,1079955.0
1101,2023-01-27_confirmed,97084530.0,1080469.0
1102,2023-01-28_confirmed,97087718.0,1080476.0
1103,2023-01-29_confirmed,97089525.0,1080478.0
1104,2023-01-30_confirmed,97098102.0,1080536.0
1105,2023-01-31_confirmed,97118884.0,1080879.0
1106,2023-02-01_confirmed,97158578.0,1081196.0
1107,2023-02-02_confirmed,97279541.0,1082868.0
1108,2023-02-03_confirmed,97284551.0,1082943.0
1109,2023-02-04_confirmed,97284771.0,1082943.0
1110,2023-02-05_confirmed,97284771.0,1082943.0
1111,2023-02-06_confirmed,97307580.0,1083766.0
1112,2023-02-07_confirmed,97329294.0,1084289.0
1113,2023-02-08_confirmed,97415250.0,1084577.0
1114,2023-02-09_confirmed,97570507.0,1086243.0
1115,2023-02-10_confirmed,97577303.0,1086318.0
1116,2023-02-11_confirmed,97581552.0,1086355.0
1117,2023-02-12_confirmed,97584077.0,1086375.0
1118,2023-02-13_confirmed,97593283.0,1086453.0
1119,2023-02-14_confirmed,97612379.0,1086662.0
1120,2023-02-15_confirmed,97651278.0,1086969.0
1121,2023-02-16_confirmed,97719032.0,1087566.0
1122,2023-02-17_confirmed,97804558.0,1088794.0
1123,2023-02-18_confirmed,97808119.0,1088801.0
1124,2023-02-19_confirmed,97810417.0,1088816.0
1125,2023-02-20_confirmed,97816441.0,1088884.0
1126,2023-02-21_confirmed,97835835.0,1089052.0
1127,2023-02-22_confirmed,97876598.0,1089259.0
1128,2023-02-23_confirmed,97945979.0,1089718.0
1129,2023-02-24_confirmed,97953855.0,1089744.0
1130,2023-02-25_confirmed,97956879.0,1089745.0
1131,2023-02-26_confirmed,97958715.0,1089749.0
1132,2023-02-27_confirmed,97965369.0,1089800.0
1133,2023-02-28_confirmed,97983399.0,1089991.0
1134,2023-03-01_confirmed,97993187.0,1090121.0
1135,2023-03-02_confirmed,98019248.0,1090213.0
1136,2023-03-03_confirmed,98115935.0,1091299.0
1137,2023-03-04_confirmed,98115935.0,1091299.0
1138,2023-03-05_confirmed,98115935.0,1091299.0
1139,2023-03-06_confirmed,98405438.0,1093243.0
1140,2023-03-07_confirmed,98550933.0,1094101.0
1141,2023-03-08_confirmed,98570510.0,1094236.0
1142,2023-03-09_confirmed,98601118.0,1094426.0
1143,2023-03-10_confirmed,98626560.0,1094722.0
1144,2023-03-11_confirmed,98631032.0,1094732.0
1145,2023-03-12_confirmed,98633802.0,1094741.0
1146,2023-03-13_confirmed,98635885.0,1094753.0
1147,2023-03-14_confirmed,98653291.0,1094911.0
1148,2023-03-15_confirmed,98677701.0,1095060.0
1149,2023-03-16_confirmed,98701522.0,1095339.0
1150,2023-03-17_confirmed,98723235.0,1095690.0
1151,2023-03-18_confirmed,98724826.0,1095691.0
1152,2023-03-19_confirmed,98725790.0,1095692.0
1153,2023-03-20_confirmed,98726922.0,1095692.0
1154,2023-03-21_confirmed,98739698.0,1095835.0
1155,2023-03-22_confirmed,98765923.0,1096062.0
1156,2023-03-23_confirmed,98790341.0,1096441.0
1157,2023-03-24_confirmed,98833739.0,1097093.0
1158,2023-03-25_confirmed,98833739.0,1097093.0
1159,2023-03-26_confirmed,98843826.0,1097064.0
1160,2023-03-27_confirmed,98844973.0,1097068.0
1161,2023-03-28_confirmed,98859283.0,1097207.0
1162,2023-03-29_confirmed,98885133.0,1097433.0
1163,2023-03-30_confirmed,98911153.0,1097909.0
1164,2023-03-31_confirmed,98924899.0,1098038.0
1165,2023-04-01_confirmed,98924899.0,1098038.0
1166,2023-04-02_confirmed,98935998.0,1098185.0
1167,2023-04-03_confirmed,98937635.0,1098207.0
1168,2023-04-04_confirmed,98951161.0,1098321.0
1169,2023-04-05_confirmed,98977467.0,1098499.0
1170,2023-04-06_confirmed,99008293.0,1099204.0
1171,2023-04-07_confirmed,99010401.0,1099220.0
1172,2023-04-08_confirmed,99011718.0,1099223.0
1173,2023-04-09_confirmed,99012759.0,1099227.0
1174,2023-04-10_confirmed,99013947.0,1099235.0
1175,2023-04-11_confirmed,99025612.0,1099371.0
1176,2023-04-12_confirmed,99045358.0,1099538.0
1177,2023-04-13_confirmed,99057254.0,1099660.0
1178,2023-04-14_confirmed,99072275.0,1099825.0
1179,2023-04-15_confirmed,99073368.0,1099827.0
1180,2023-04-16_confirmed,99074115.0,1099830.0
1181,2023-04-17_confirmed,99068867.0,1100033.0
1182,2023-04-18_confirmed,99079170.0,1100177.0
1183,2023-04-19_confirmed,99105676.0,1100321.0
1184,2023-04-20_confirmed,99121482.0,1100562.0
1185,2023-04-21_confirmed,99128534.0,1100579.0
1186,2023-04-22_confirmed,99143721.0,1100642.0
1187,2023-04-23_confirmed,99144716.0,1100654.0
1188,2023-04-24_confirmed,99145983.0,1100661.0
1189,2023-04-25_confirmed,99154468.0,1100801.0
1190,2023-04-26_confirmed,99171642.0,1100906.0
1191,2023-04-27_confirmed,99184300.0,1101049.0
1192,2023-04-28_confirmed,99243113.0,1102413.0
1193,2023-04-29_confirmed,99245410.0,1102506.0
1194,2023-04-30_confirmed,99246301.0,1102511.0
1195,2023-05-01_confirmed,99247588.0,1102530.0
1196,2023-05-02_confirmed,99253495.0,1102605.0
1197,2023-05-03_confirmed,99269629.0,1102775.0
1198,2023-05-04_confirmed,99324426.0,1101283.0
1199,2023-05-05_confirmed,99325854.0,1101288.0
1200,2023-05-06_confirmed,99326921.0,1101290.0
1201,2023-05-07_confirmed,99327620.0,1101293.0
1202,2023-05-08_confirmed,99328515.0,1101294.0
1203,2023-05-09_confirmed,99345469.0,1101427.0
1204,2023-05-10_confirmed,99377482.0,1102031.0
1205,2023-05-11_confirmed,99382193.0,1102065.0
1206,2023-05-12_confirmed,99386510.0,1102138.0
1207,2023-05-13_confirmed,99386510.0,1102138.0
1208,2023-05-15_confirmed,99368271.0,1101905.0
1209,2023-05-16_confirmed,99373668.0,1101978.0
1210,2023-05-17_confirmed,99381275.0,1102018.0
1211,2023-05-18_confirmed,99393847.0,1101774.0
1212,2023-05-19_confirmed,99394619.0,1101778.0
1213,2023-05-20_confirmed,99395313.0,1101778.0
1214,2023-05-21_confirmed,99395758.0,1101778.0
1215,2023-05-22_confirmed,99396137.0,1101779.0
1216,2023-05-23_confirmed,99402362.0,1101921.0
1217,2023-05-24_confirmed,99411869.0,1102064.0
1218,2023-05-25_confirmed,99416037.0,1102126.0
1219,2023-05-26_confirmed,99427374.0,1102344.0
1220,2023-05-27_confirmed,99428120.0,1102344.0
1221,2023-05-28_confirmed,99428567.0,1102345.0
1222,2023-05-29_confirmed,99429000.0,1102345.0
1223,2023-06-12_confirmed,99478224.0,1103198.0
1224,2023-06-13_confirmed,99484418.0,1103241.0
1225,2023-06-14_confirmed,99490055.0,1103418.0
1226,2023-06-15_confirmed,99494607.0,1103737.0
1227,2023-06-16_confirmed,99495332.0,1103740.0
1228,2023-06-17_confirmed,99496132.0,1103744.0
1229,2023-06-18_confirmed,99496693.0,1103749.0
1230,2023-06-19_confirmed,99497183.0,1103752.0
1231,2023-06-20_confirmed,99500197.0,1103771.0
1232,2023-06-21_confirmed,99504550.0,1103823.0
1233,2023-06-22_confirmed,99509594.0,1103885.0
1234,2023-06-23_confirmed,99522022.0,1104087.0
1235,2023-06-24_confirmed,99522611.0,1104088.0
1236,2023-06-25_confirmed,99523050.0,1104090.0
1237,2023-06-26_confirmed,99523401.0,1104091.0
1238,2023-06-27_confirmed,99530091.0,1104135.0
1239,2023-06-28_confirmed,99533736.0,1104187.0
1240,2023-06-29_confirmed,99534667.0,1104222.0
1241,2023-06-30_confirmed,99534733.0,1104224.0
1242,2023-07-01_confirmed,99540207.0,1104360.0
1243,2023-07-02_confirmed,99540865.0,1104362.0
1244,2023-07-03_confirmed,99541401.0,1104367.0
1245,2023-07-04_confirmed,99542435.0,1104370.0
1246,2023-07-05_confirmed,99546518.0,1104419.0
1247,2023-07-06_confirmed,99548155.0,1104423.0
1248,2023-07-07_confirmed,99563446.0,1104605.0
1249,2023-07-08_confirmed,99564416.0,1104605.0
1250,2023-07-09_confirmed,99565098.0,1104605.0
1251,2023-07-10_confirmed,99565762.0,1104605.0
1252,2023-07-11_confirmed,99570275.0,1104640.0
1253,2023-07-12_confirmed,99574061.0,1104665.0
1254,2023-07-13_confirmed,99582938.0,1104744.0
1255,2023-07-14_confirmed,99583860.0,1104744.0
1256,2023-07-15_confirmed,99584700.0,1104744.0
1257,2023-07-16_confirmed,99585122.0,1104744.0
1258,2023-07-17_confirmed,99585659.0,1104744.0
1259,2023-07-18_confirmed,99588872.0,1104781.0
1260,2023-07-19_confirmed,99593865.0,1104799.0
1261,2023-07-20_confirmed,99595974.0,1104561.0
1262,2023-07-21_confirmed,99596741.0,1104579.0
1263,2023-07-22_confirmed,99596741.0,1104579.0
1264,2023-07-23_confirmed,99596741.0,1104579.0
