,Column,Sum
0,2020-01-22,723
1,2020-01-23,734
2,2020-01-24,741
3,2020-01-25,751
4,2020-01-26,759
5,2020-01-27,769
6,2020-01-28,775
7,2020-01-29,779
8,2020-01-30,786
9,2020-01-31,802
10,2020-02-01,830
11,2020-02-02,32
12,2020-02-03,39
13,2020-02-04,43
14,2020-02-05,45
15,2020-02-06,49
16,2020-02-07,55
17,2020-02-08,88
18,2020-02-09,95
19,2020-02-10,102
20,2020-02-11,111
21,2020-02-12,115
22,2020-02-13,119
23,2020-02-14,122
24,2020-02-15,132
25,2020-02-16,144
26,2020-02-17,151
27,2020-02-18,166
28,2020-02-19,176
29,2020-02-20,187
30,2020-02-21,211
31,2020-02-22,231
32,2020-02-23,246
33,2020-02-24,265
34,2020-02-25,304
35,2020-02-26,329
36,2020-02-27,371
37,2020-02-28,396
38,2020-02-29,458
39,2020-03-01,504
40,2020-03-02,618
41,2020-03-03,709
42,2020-03-04,815
43,2020-03-05,961
44,2020-03-06,1106
45,2020-03-07,1384
46,2020-03-08,1645
47,2020-03-09,2025
48,2020-03-10,2607
49,2020-03-11,3189
50,2020-03-12,3978
51,2020-03-13,4947
52,2020-03-14,6059
53,2020-03-15,7284
54,2020-03-16,8733
55,2020-03-17,11004
56,2020-03-18,14571
57,2020-03-19,20062
58,2020-03-20,25488
59,2020-03-21,33641
60,2020-03-22,41366
61,2020-03-23,51565
62,2020-03-24,62705
63,2020-03-25,77760
64,2020-03-26,94598
65,2020-03-27,112302
66,2020-03-28,132907
67,2020-03-29,152086
68,2020-03-30,173926
69,2020-03-31,197170
70,2020-04-01,223402
71,2020-04-02,252613
72,2020-04-03,287810
73,2020-04-04,321731
74,2020-04-05,346225
75,2020-04-06,376027
76,2020-04-07,406319
77,2020-04-08,438906
78,2020-04-09,473113
79,2020-04-10,506404
80,2020-04-11,556884
81,2020-04-12,565308
82,2020-04-13,590154
83,2020-04-14,615913
84,2020-04-15,645776
85,2020-04-16,679112
86,2020-04-17,710369
87,2020-04-18,738781
88,2020-04-19,764012
89,2020-04-20,789650
90,2020-04-21,815433
91,2020-04-22,843872
92,2020-04-23,875662
93,2020-04-24,913076
94,2020-04-25,947657
95,2020-04-26,973339
96,2020-04-27,996053
97,2020-04-28,1021618
98,2020-04-29,1049552
99,2020-04-30,1079521
100,2020-05-01,1112398
101,2020-05-02,1142901
102,2020-05-03,1167730
103,2020-05-04,1189203
104,2020-05-05,1213506
105,2020-05-06,1237738
106,2020-05-07,1265923
107,2020-05-08,1293243
108,2020-05-09,1318592
109,2020-05-10,1338927
110,2020-05-11,1356497
111,2020-05-12,1378977
112,2020-05-13,1400656
113,2020-05-14,1427973
114,2020-05-15,1453650
115,2020-05-16,1478505
116,2020-05-17,1497229
117,2020-05-18,1518554
118,2020-05-19,1540231
119,2020-05-20,1562963
120,2020-05-21,1589239
121,2020-05-22,1612776
122,2020-05-23,1635458
123,2020-05-24,1655955
124,2020-05-25,1673977
125,2020-05-26,1691555
126,2020-05-27,1713253
127,2020-05-28,1737092
128,2020-05-29,1762529
129,2020-05-30,1785424
130,2020-05-31,1804340
131,2020-06-01,1825083
132,2020-06-02,1846878
133,2020-06-03,1868250
134,2020-06-04,1890173
135,2020-06-05,1919057
136,2020-06-06,1942844
137,2020-06-07,1961192
138,2020-06-08,1977756
139,2020-06-09,1997208
140,2020-06-10,2019231
141,2020-06-11,2042796
142,2020-06-12,2068797
143,2020-06-13,2095714
144,2020-06-14,2116683
145,2020-06-15,2135801
146,2020-06-16,2163908
147,2020-06-17,2191156
148,2020-06-18,2221307
149,2020-06-19,2255640
150,2020-06-20,2290523
151,2020-06-21,2319028
152,2020-06-22,2346696
153,2020-06-23,2384860
154,2020-06-24,2425731
155,2020-06-25,2469820
156,2020-06-26,2519457
157,2020-06-27,2566991
158,2020-06-28,2608875
159,2020-06-29,2644956
160,2020-06-30,2694312
161,2020-07-01,2748327
162,2020-07-02,2806125
163,2020-07-03,2866754
164,2020-07-04,2918327
165,2020-07-05,2961395
166,2020-07-06,3005789
167,2020-07-07,3063072
168,2020-07-08,3126511
169,2020-07-09,3192412
170,2020-07-10,3262685
171,2020-07-11,3328112
172,2020-07-12,3387712
173,2020-07-13,3442018
174,2020-07-14,3511610
175,2020-07-15,3577705
176,2020-07-16,3650129
177,2020-07-17,3729460
178,2020-07-18,3796034
179,2020-07-19,3856816
180,2020-07-20,3911651
181,2020-07-21,3976266
182,2020-07-22,4042729
183,2020-07-23,4110042
184,2020-07-24,4183500
185,2020-07-25,4247760
186,2020-07-26,4303499
187,2020-07-27,4354188
188,2020-07-28,4414944
189,2020-07-29,4478146
190,2020-07-30,4544039
191,2020-07-31,4610541
192,2020-08-01,4670339
193,2020-08-02,4719867
194,2020-08-03,4760076
195,2020-08-04,4814830
196,2020-08-05,4870082
197,2020-08-06,4924448
198,2020-08-07,4984543
199,2020-08-08,5037296
200,2020-08-09,5082446
201,2020-08-10,5118655
202,2020-08-11,5168334
203,2020-08-12,5219825
204,2020-08-13,5269001
205,2020-08-14,5321261
206,2020-08-15,5369778
207,2020-08-16,5406755
208,2020-08-17,5441156
209,2020-08-18,5482489
210,2020-08-19,5526317
211,2020-08-20,5568617
212,2020-08-21,5614820
213,2020-08-22,5657641
214,2020-08-23,5689908
215,2020-08-24,5723072
216,2020-08-25,5762129
217,2020-08-26,5807342
218,2020-08-27,5851905
219,2020-08-28,5896714
220,2020-08-29,5938481
221,2020-08-30,5972021
222,2020-08-31,6003057
223,2020-09-01,6044910
224,2020-09-02,6084681
225,2020-09-03,6127125
226,2020-09-04,6175066
227,2020-09-05,6216526
228,2020-09-06,6247589
229,2020-09-07,6273262
230,2020-09-08,6297939
231,2020-09-09,6333208
232,2020-09-10,6370043
233,2020-09-11,6414617
234,2020-09-12,6452866
235,2020-09-13,6485334
236,2020-09-14,6518526
237,2020-09-15,6556977
238,2020-09-16,6599417
239,2020-09-17,6643428
240,2020-09-18,6688788
241,2020-09-19,6731215
242,2020-09-20,6763219
243,2020-09-21,6802812
244,2020-09-22,6854475
245,2020-09-23,6894327
246,2020-09-24,6938431
247,2020-09-25,6993575
248,2020-09-26,7037982
249,2020-09-27,7069807
250,2020-09-28,7105453
251,2020-09-29,7144914
252,2020-09-30,7191626
253,2020-10-01,7238678
254,2020-10-02,7286404
255,2020-10-03,7336811
256,2020-10-04,7371498
257,2020-10-05,7408589
258,2020-10-06,7452887
259,2020-10-07,7504648
260,2020-10-08,7561231
261,2020-10-09,7618205
262,2020-10-10,7668387
263,2020-10-11,7712473
264,2020-10-12,7758835
265,2020-10-13,7811303
266,2020-10-14,7869353
267,2020-10-15,7936901
268,2020-10-16,8004288
269,2020-10-17,8061822
270,2020-10-18,8110024
271,2020-10-19,8166698
272,2020-10-20,8226360
273,2020-10-21,8289604
274,2020-10-22,8365540
275,2020-10-23,8445874
276,2020-10-24,8515412
277,2020-10-25,8578637
278,2020-10-26,8650019
279,2020-10-27,8721867
280,2020-10-28,8805390
281,2020-10-29,8894252
282,2020-10-30,8990199
283,2020-10-31,9072426
284,2020-11-01,9214833
285,2020-11-02,9306955
286,2020-11-03,9406618
287,2020-11-04,9518980
288,2020-11-05,9651604
289,2020-11-06,9780880
290,2020-11-07,9893150
291,2020-11-08,10000648
292,2020-11-09,10133707
293,2020-11-10,10280372
294,2020-11-11,10437353
295,2020-11-12,10589003
296,2020-11-13,10766188
297,2020-11-14,10937599
298,2020-11-15,11071050
299,2020-11-16,11224810
300,2020-11-17,11382704
301,2020-11-18,11551643
302,2020-11-19,11748324
303,2020-11-20,11933543
304,2020-11-21,12142459
305,2020-11-22,12280817
306,2020-11-23,12449233
307,2020-11-24,12629420
308,2020-11-25,12815908
309,2020-11-26,12942892
310,2020-11-27,13129356
311,2020-11-28,13301106
312,2020-11-29,13424933
313,2020-11-30,13580887
314,2020-12-01,13787187
315,2020-12-02,14010485
316,2020-12-03,14233644
317,2020-12-04,14468110
318,2020-12-05,14681324
319,2020-12-06,14847602
320,2020-12-07,15027940
321,2020-12-08,15264272
322,2020-12-09,15499789
323,2020-12-10,15728458
324,2020-12-11,15966542
325,2020-12-12,16185597
326,2020-12-13,16363412
327,2020-12-14,16552423
328,2020-12-15,16764684
329,2020-12-16,16998180
330,2020-12-17,17231388
331,2020-12-18,17469570
332,2020-12-19,17685162
333,2020-12-20,17848765
334,2020-12-21,18010051
335,2020-12-22,18204174
336,2020-12-23,18416088
337,2020-12-24,18609135
338,2020-12-25,18704673
339,2020-12-26,18833238
340,2020-12-27,18959735
341,2020-12-28,19201773
342,2020-12-29,19460991
343,2020-12-30,19743342
344,2020-12-31,19980329
345,2021-01-01,20145536
346,2021-01-02,20378433
347,2021-01-03,20605299
348,2021-01-04,20780666
349,2021-01-05,21047347
350,2021-01-06,21329433
351,2021-01-07,21607393
352,2021-01-08,21898963
353,2021-01-09,22131709
354,2021-01-10,22332445
355,2021-01-11,22515123
356,2021-01-12,22731180
357,2021-01-13,22958443
358,2021-01-14,23201342
359,2021-01-15,23425700
360,2021-01-16,23622895
361,2021-01-17,23784185
362,2021-01-18,23924965
363,2021-01-19,24060684
364,2021-01-20,24280406
365,2021-01-21,24477250
366,2021-01-22,24659567
367,2021-01-23,24825602
368,2021-01-24,24954874
369,2021-01-25,25075327
370,2021-01-26,25221937
371,2021-01-27,25377581
372,2021-01-28,25530565
373,2021-01-29,25690344
374,2021-01-30,25829513
375,2021-01-31,25936189
376,2021-02-01,26053759
377,2021-02-02,26171732
378,2021-02-03,26290000
379,2021-02-04,26410241
380,2021-02-05,26537740
381,2021-02-06,26632509
382,2021-02-07,26730622
383,2021-02-08,26804769
384,2021-02-09,26898198
385,2021-02-10,26994663
386,2021-02-11,27092490
387,2021-02-12,27186302
388,2021-02-13,27269193
389,2021-02-14,27332482
390,2021-02-15,27382891
391,2021-02-16,27439488
392,2021-02-17,27508100
393,2021-02-18,27572931
394,2021-02-19,27643847
395,2021-02-20,27710859
396,2021-02-21,27764059
397,2021-02-22,27814852
398,2021-02-23,27882295
399,2021-02-24,27955838
400,2021-02-25,28031297
401,2021-02-26,28092309
402,2021-02-27,28168885
403,2021-02-28,28218911
404,2021-03-01,28265049
405,2021-03-02,28319411
406,2021-03-03,28387377
407,2021-03-04,28451410
408,2021-03-05,28516080
409,2021-03-06,28569899
410,2021-03-07,28611095
411,2021-03-08,28654248
412,2021-03-09,28708732
413,2021-03-10,28765805
414,2021-03-11,28823121
415,2021-03-12,28880801
416,2021-03-13,28938651
417,2021-03-14,28982774
418,2021-03-15,29027980
419,2021-03-16,29079785
420,2021-03-17,29137212
421,2021-03-18,29194107
422,2021-03-19,29250133
423,2021-03-20,29299298
424,2021-03-21,29336980
425,2021-03-22,29381288
426,2021-03-23,29435966
427,2021-03-24,29535096
428,2021-03-25,29594818
429,2021-03-26,29665754
430,2021-03-27,29728009
431,2021-03-28,29788694
432,2021-03-29,29846151
433,2021-03-30,29900656
434,2021-03-31,29975064
435,2021-04-01,30050262
436,2021-04-02,30118331
437,2021-04-03,30180561
438,2021-04-04,30217854
439,2021-04-05,30279031
440,2021-04-06,30357634
441,2021-04-07,30432525
442,2021-04-08,30510072
443,2021-04-09,30589480
444,2021-04-10,30655413
445,2021-04-11,30698465
446,2021-04-12,30758008
447,2021-04-13,30837674
448,2021-04-14,30913048
449,2021-04-15,30984075
450,2021-04-16,31057037
451,2021-04-17,31122464
452,2021-04-18,31164451
453,2021-04-19,31221478
454,2021-04-20,31281517
455,2021-04-21,31345481
456,2021-04-22,31407921
457,2021-04-23,31470402
458,2021-04-24,31520107
459,2021-04-25,31554875
460,2021-04-26,31597851
461,2021-04-27,31646500
462,2021-04-28,31704249
463,2021-04-29,31761029
464,2021-04-30,31814850
465,2021-05-01,31862208
466,2021-05-02,31889822
467,2021-05-03,31933703
468,2021-05-04,31976652
469,2021-05-05,32022023
470,2021-05-06,32066483
471,2021-05-07,32111495
472,2021-05-08,32146421
473,2021-05-09,32165894
474,2021-05-10,32199796
475,2021-05-11,32234078
476,2021-05-12,32271316
477,2021-05-13,32308481
478,2021-05-14,32348078
479,2021-05-15,32375865
480,2021-05-16,32392549
481,2021-05-17,32418977
482,2021-05-18,32445833
483,2021-05-19,32476083
484,2021-05-20,32505869
485,2021-05-21,32533107
486,2021-05-22,32550864
487,2021-05-23,32563561
488,2021-05-24,32585917
489,2021-05-25,32610074
490,2021-05-26,32633518
491,2021-05-27,32656223
492,2021-05-28,32679220
493,2021-05-29,32690384
494,2021-05-30,32697017
495,2021-05-31,32702877
496,2021-06-01,32725462
497,2021-06-02,32743081
498,2021-06-03,32760015
499,2021-06-04,32776943
500,2021-06-05,32789114
501,2021-06-06,32794843
502,2021-06-07,32810485
503,2021-06-08,32822878
504,2021-06-09,32841851
505,2021-06-10,32855958
506,2021-06-11,32842261
507,2021-06-12,32848554
508,2021-06-13,32853094
509,2021-06-14,32866513
510,2021-06-15,32877942
511,2021-06-16,32891313
512,2021-06-17,32902368
513,2021-06-18,32922122
514,2021-06-19,32929069
515,2021-06-20,32932439
516,2021-06-21,32945347
517,2021-06-22,32956167
518,2021-06-23,32970119
519,2021-06-24,32982721
520,2021-06-25,33004978
521,2021-06-26,33011516
522,2021-06-27,33015338
523,2021-06-28,33033115
524,2021-06-29,33046255
525,2021-06-30,33068950
526,2021-07-01,33086569
527,2021-07-02,33107117
528,2021-07-03,33113479
529,2021-07-04,33119057
530,2021-07-05,33127474
531,2021-07-06,33154953
532,2021-07-07,33181310
533,2021-07-08,33208452
534,2021-07-09,33241431
535,2021-07-10,33253361
536,2021-07-11,33265907
537,2021-07-12,33301428
538,2021-07-13,33335859
539,2021-07-14,33377188
540,2021-07-15,33425744
541,2021-07-16,33532597
542,2021-07-17,33548290
543,2021-07-18,33560569
544,2021-07-19,33613019
545,2021-07-20,33652847
546,2021-07-21,33704269
547,2021-07-22,33754960
548,2021-07-23,33821746
549,2021-07-24,33857801
550,2021-07-25,33883429
551,2021-07-26,33982930
552,2021-07-27,34064755
553,2021-07-28,34164665
554,2021-07-29,34255077
555,2021-07-30,34356860
556,2021-07-31,34417478
557,2021-08-01,34451913
558,2021-08-02,34579211
559,2021-08-03,34699127
560,2021-08-04,34833815
561,2021-08-05,34952762
562,2021-08-06,35081483
563,2021-08-07,35141161
564,2021-08-08,35184262
565,2021-08-09,35378134
566,2021-08-10,35515850
567,2021-08-11,35661110
568,2021-08-12,35806539
569,2021-08-13,35951659
570,2021-08-14,36017274
571,2021-08-15,36064661
572,2021-08-16,36281101
573,2021-08-17,36412492
574,2021-08-18,36592278
575,2021-08-19,36737529
576,2021-08-20,36879870
577,2021-08-21,36976030
578,2021-08-22,37026789
579,2021-08-23,37285297
580,2021-08-24,37427452
581,2021-08-25,37618875
582,2021-08-26,37793653
583,2021-08-27,37942253
584,2021-08-28,38044847
585,2021-08-29,38082957
586,2021-08-30,38343454
587,2021-08-31,38519233
588,2021-09-01,38728705
589,2021-09-02,38889222
590,2021-09-03,39045216
591,2021-09-04,39077239
592,2021-09-05,39191053
593,2021-09-06,39258474
594,2021-09-07,39545738
595,2021-09-08,39743750
596,2021-09-09,39891459
597,2021-09-10,40050163
598,2021-09-11,40138042
599,2021-09-12,40182373
600,2021-09-13,40452604
601,2021-09-14,40589230
602,2021-09-15,40771601
603,2021-09-16,40899985
604,2021-09-17,41062693
605,2021-09-18,41149561
606,2021-09-19,41177235
607,2021-09-20,41380466
608,2021-09-21,41508355
609,2021-09-22,41672407
610,2021-09-23,41796271
611,2021-09-24,41913482
612,2021-09-25,41977896
613,2021-09-26,42013516
614,2021-09-27,42192784
615,2021-09-28,42309080
616,2021-09-29,42453025
617,2021-09-30,42556421
618,2021-10-01,42667444
619,2021-10-02,42724662
620,2021-10-03,42749566
621,2021-10-04,42924282
622,2021-10-05,43013686
623,2021-10-06,43146818
624,2021-10-07,43245553
625,2021-10-08,43345891
626,2021-10-09,43392394
627,2021-10-10,43414199
628,2021-10-11,43533066
629,2021-10-12,43629987
630,2021-10-13,43761917
631,2021-10-14,43845525
632,2021-10-15,43937512
633,2021-10-16,43970164
634,2021-10-17,43991161
635,2021-10-18,44105878
636,2021-10-19,44192568
637,2021-10-20,44277020
638,2021-10-21,44347378
639,2021-10-22,44435704
640,2021-10-23,44477386
641,2021-10-24,44500285
642,2021-10-25,44615776
643,2021-10-26,44690774
644,2021-10-27,44777357
645,2021-10-28,44851521
646,2021-10-29,44956139
647,2021-10-30,44984670
648,2021-10-31,45006773
649,2021-11-01,45118810
650,2021-11-02,45188123
651,2021-11-03,45279273
652,2021-11-04,45345712
653,2021-11-05,45454955
654,2021-11-06,45485863
655,2021-11-07,45514765
656,2021-11-08,45628342
657,2021-11-09,45699560
658,2021-11-10,45808271
659,2021-11-11,45866972
660,2021-11-12,46003662
661,2021-11-13,46050236
662,2021-11-14,46071632
663,2021-11-15,46225789
664,2021-11-16,46298406
665,2021-11-17,46415422
666,2021-11-18,46527837
667,2021-11-19,46646876
668,2021-11-20,46677798
669,2021-11-21,46706548
670,2021-11-22,46876203
671,2021-11-23,46966528
672,2021-11-24,47085680
673,2021-11-25,47117390
674,2021-11-26,47202894
675,2021-11-27,47230434
676,2021-11-28,47252519
677,2021-11-29,47442110
678,2021-11-30,47542177
679,2021-12-01,47692676
680,2021-12-02,47815067
681,2021-12-03,47977541
682,2021-12-04,48015021
683,2021-12-05,48059866
684,2021-12-06,48254517
685,2021-12-07,48356646
686,2021-12-08,48507671
687,2021-12-09,48639024
688,2021-12-10,48806734
689,2021-12-11,48845325
690,2021-12-12,48889895
691,2021-12-13,49091033
692,2021-12-14,49203240
693,2021-12-15,49359282
694,2021-12-16,49512457
695,2021-12-17,49683273
696,2021-12-18,49795821
697,2021-12-19,49867871
698,2021-12-20,50157402
699,2021-12-21,50351721
700,2021-12-22,50594130
701,2021-12-23,50893820
702,2021-12-24,51106521
703,2021-12-25,51210246
704,2021-12-26,51429739
705,2021-12-27,51881915
706,2021-12-28,52220801
707,2021-12-29,52732172
708,2021-12-30,53255571
709,2021-12-31,53888739
710,2022-01-01,54139879
711,2022-01-02,54331029
712,2022-01-03,55413798
713,2022-01-04,56032772
714,2022-01-05,56604643
715,2022-01-06,57700560
716,2022-01-07,58479120
717,2022-01-08,59084656
718,2022-01-09,59463705
719,2022-01-10,60689859
720,2022-01-11,61362794
721,2022-01-12,62156064
722,2022-01-13,63146124
723,2022-01-14,63954087
724,2022-01-15,64223065
725,2022-01-16,64741416
726,2022-01-17,65555257
727,2022-01-18,66507104
728,2022-01-19,67572299
729,2022-01-20,68189701
730,2022-01-21,68831372
731,2022-01-22,69098784
732,2022-01-23,69354266
733,2022-01-24,70354807
734,2022-01-25,70774034
735,2022-01-26,71452109
736,2022-01-27,71955412
737,2022-01-28,72388747
738,2022-01-29,72544209
739,2022-01-30,72634967
740,2022-01-31,73272352
741,2022-02-01,73615120
742,2022-02-02,73904355
743,2022-02-03,74191773
744,2022-02-04,74494029
745,2022-02-05,74591415
746,2022-02-06,74764643
747,2022-02-07,75075366
748,2022-02-08,75211482
749,2022-02-09,75433848
750,2022-02-10,75601848
751,2022-02-11,75787299
752,2022-02-12,75867206
753,2022-02-13,75912309
754,2022-02-14,76088602
755,2022-02-15,76180301
756,2022-02-16,76295555
757,2022-02-17,76381981
758,2022-02-18,76490277
759,2022-02-19,76562781
760,2022-02-20,76590780
761,2022-02-21,76662145
762,2022-02-22,76720255
763,2022-02-23,76833974
764,2022-02-24,76883590
765,2022-02-25,76972868
766,2022-02-26,76990746
767,2022-02-27,77025039
768,2022-02-28,77101324
769,2022-03-01,77148286
770,2022-03-02,77197690
771,2022-03-03,77232769
772,2022-03-04,77291998
773,2022-03-05,77311884
774,2022-03-06,77319264
775,2022-03-07,77371214
776,2022-03-08,77401293
777,2022-03-09,77459786
778,2022-03-10,77492906
779,2022-03-11,77541491
780,2022-03-12,77552401
781,2022-03-13,77563544
782,2022-03-14,77602580
783,2022-03-15,77627582
784,2022-03-16,77658824
785,2022-03-17,77682640
786,2022-03-18,77709866
787,2022-03-19,77761439
788,2022-03-20,77775895
789,2022-03-21,77809692
790,2022-03-22,77832935
791,2022-03-23,77870827
792,2022-03-24,77904045
793,2022-03-25,77938785
794,2022-03-26,77953019
795,2022-03-27,77960750
796,2022-03-28,78008682
797,2022-03-29,78036293
798,2022-03-30,78084877
799,2022-03-31,78119285
800,2022-04-01,78153857
801,2022-04-02,78168667
802,2022-04-03,78177877
803,2022-04-04,78216909
804,2022-04-05,78245818
805,2022-04-06,78278082
806,2022-04-07,78306390
807,2022-04-08,78347215
808,2022-04-09,78359162
809,2022-04-10,78382073
810,2022-04-11,78428522
811,2022-04-12,78453833
812,2022-04-13,78511201
813,2022-04-14,78556669
814,2022-04-15,78593126
815,2022-04-16,78606440
816,2022-04-17,78631577
817,2022-04-18,78678389
818,2022-04-19,78730601
819,2022-04-20,78796896
820,2022-04-21,78840506
821,2022-04-22,78885776
822,2022-04-23,78921885
823,2022-04-24,78937373
824,2022-04-25,78999520
825,2022-04-26,79045265
826,2022-04-27,79138890
827,2022-04-28,79195230
828,2022-04-29,79250168
829,2022-04-30,79294450
830,2022-05-01,79319990
831,2022-05-02,79393283
832,2022-05-03,79445008
833,2022-05-04,79552894
834,2022-05-05,79628672
835,2022-05-06,79692147
836,2022-05-07,79762931
837,2022-05-08,79777982
838,2022-05-09,79894138
839,2022-05-10,79958964
840,2022-05-11,80128034
841,2022-05-12,80197438
842,2022-05-13,80275759
843,2022-05-14,80302928
844,2022-05-15,80411171
845,2022-05-16,80530975
846,2022-05-17,80609579
847,2022-05-18,80802070
848,2022-05-19,80885661
849,2022-05-20,80957491
850,2022-05-21,81042114
851,2022-05-22,81102803
852,2022-05-23,81193292
853,2022-05-24,81260775
854,2022-05-25,81460132
855,2022-05-26,81592979
856,2022-05-27,81664023
857,2022-05-28,81745644
858,2022-05-29,81773229
859,2022-05-30,81842604
860,2022-05-31,81931050
861,2022-06-01,82103689
862,2022-06-02,82188546
863,2022-06-03,82285228
864,2022-06-04,82310033
865,2022-06-05,82347321
866,2022-06-06,82513743
867,2022-06-07,82574012
868,2022-06-08,82748203
869,2022-06-09,82803093
870,2022-06-10,82933885
871,2022-06-11,82961061
872,2022-06-12,83055648
873,2022-06-13,83146928
874,2022-06-14,83229142
875,2022-06-15,83449693
876,2022-06-16,83543105
877,2022-06-17,83653758
878,2022-06-18,83764415
879,2022-06-19,83805471
880,2022-06-20,83870449
881,2022-06-21,83980750
882,2022-06-22,84165906
883,2022-06-23,84253968
884,2022-06-24,84376986
885,2022-06-25,84418191
886,2022-06-26,84471114
887,2022-06-27,84571265
888,2022-06-28,84648074
889,2022-06-29,84893788
890,2022-06-30,85015197
891,2022-07-01,85110770
892,2022-07-02,85145097
893,2022-07-03,85189532
894,2022-07-04,85247237
895,2022-07-05,85375368
896,2022-07-06,85574011
897,2022-07-07,85704492
898,2022-07-08,85811974
899,2022-07-09,85863952
900,2022-07-10,85899674
901,2022-07-11,86036420
902,2022-07-12,86124512
903,2022-07-13,86302279
904,2022-07-14,86491670
905,2022-07-15,86572214
906,2022-07-16,86614239
907,2022-07-17,86670819
908,2022-07-18,86822690
909,2022-07-19,86951111
910,2022-07-20,87156124
911,2022-07-21,87280788
912,2022-07-22,87418702
913,2022-07-23,87448737
914,2022-07-24,87488379
915,2022-07-25,87644541
916,2022-07-26,87721240
917,2022-07-27,88003809
918,2022-07-28,88121153
919,2022-07-29,88222469
920,2022-07-30,88252374
921,2022-07-31,88288527
922,2022-08-01,88421759
923,2022-08-02,88518988
924,2022-08-03,88717058
925,2022-08-04,88836115
926,2022-08-05,88947977
927,2022-08-06,88971915
928,2022-08-07,89003330
929,2022-08-08,89089194
930,2022-08-09,89210179
931,2022-08-10,89383164
932,2022-08-11,89489020
933,2022-08-12,89588222
934,2022-08-13,89609222
935,2022-08-14,89637072
936,2022-08-15,89781097
937,2022-08-16,89876272
938,2022-08-17,90022624
939,2022-08-18,90115148
940,2022-08-19,90210188
941,2022-08-20,90239604
942,2022-08-21,90251567
943,2022-08-22,90344160
944,2022-08-23,90435640
945,2022-08-24,90585825
946,2022-08-25,90677844
947,2022-08-26,90749778
948,2022-08-27,90767096
949,2022-08-28,90846133
950,2022-08-29,90919636
951,2022-08-30,90957022
952,2022-08-31,91124454
953,2022-09-01,91203837
954,2022-09-02,91245786
955,2022-09-03,91255612
956,2022-09-04,91273228
957,2022-09-05,91371199
958,2022-09-06,91466867
959,2022-09-07,91619235
960,2022-09-08,91685362
961,2022-09-09,91723254
962,2022-09-10,91747894
963,2022-09-11,91782210
964,2022-09-12,91779973
965,2022-09-13,91832783
966,2022-09-14,91914838
967,2022-09-15,92009679
968,2022-09-16,92040604
969,2022-09-17,92046279
970,2022-09-18,92084776
971,2022-09-19,92123975
972,2022-09-20,92173401
973,2022-09-21,92264584
974,2022-09-22,92343359
975,2022-09-23,92370012
976,2022-09-24,92385342
977,2022-09-25,92431782
978,2022-09-26,92470894
979,2022-09-27,92509560
980,2022-09-28,92587515
981,2022-09-29,92624537
982,2022-09-30,92644505
983,2022-10-01,92650175
984,2022-10-02,92681465
985,2022-10-03,92711703
986,2022-10-04,92751657
987,2022-10-05,92838243
988,2022-10-06,92871172
989,2022-10-07,92890542
990,2022-10-08,92894296
991,2022-10-09,92938269
992,2022-10-10,92963334
993,2022-10-11,92998640
994,2022-10-12,93063036
995,2022-10-13,93116667
996,2022-10-14,93134947
997,2022-10-15,93139312
998,2022-10-16,93177028
999,2022-10-17,93201338
1000,2022-10-18,93236568
1001,2022-10-19,93272624
1002,2022-10-20,93310495
1003,2022-10-21,93321680
1004,2022-10-22,93323037
1005,2022-10-23,93346533
1006,2022-10-24,93407014
1007,2022-10-25,93433257
1008,2022-10-26,93472318
1009,2022-10-27,93514621
1010,2022-10-28,93534060
1011,2022-10-29,93536446
1012,2022-10-30,93569253
1013,2022-10-31,93589590
1014,2022-11-01,93624840
1015,2022-11-02,93670603
1016,2022-11-03,93706741
1017,2022-11-04,93779809
1018,2022-11-05,93781109
1019,2022-11-06,93797895
1020,2022-11-07,93820194
1021,2022-11-08,93849765
1022,2022-11-09,93910402
1023,2022-11-10,93956989
1024,2022-11-11,93965991
1025,2022-11-12,93966978
1026,2022-11-13,93986274
1027,2022-11-14,94038532
1028,2022-11-15,94083737
1029,2022-11-16,94113758
1030,2022-11-17,94155515
1031,2022-11-18,94187503
1032,2022-11-19,94188560
1033,2022-11-20,94199515
1034,2022-11-21,94223555
1035,2022-11-22,94314273
1036,2022-11-23,94368309
1037,2022-11-24,94374961
1038,2022-11-25,94383851
1039,2022-11-26,94384538
1040,2022-11-27,94404533
1041,2022-11-28,94481006
1042,2022-11-29,94516356
1043,2022-11-30,94591909
1044,2022-12-01,94632930
1045,2022-12-02,94706361
1046,2022-12-03,94706495
1047,2022-12-04,94706495
1048,2022-12-05,94774147
1049,2022-12-06,94797997
1050,2022-12-07,94834149
1051,2022-12-08,94911257
1052,2022-12-09,95012289
1053,2022-12-10,95012503
1054,2022-12-11,95012503
1055,2022-12-12,95023101
1056,2022-12-13,95046092
1057,2022-12-14,95112688
1058,2022-12-15,95179785
1059,2022-12-16,95331765
1060,2022-12-17,95331955
1061,2022-12-18,95331955
1062,2022-12-19,95370638
1063,2022-12-20,95428862
1064,2022-12-21,95579607
1065,2022-12-22,95611411
1066,2022-12-23,95623621
1067,2022-12-24,95630088
1068,2022-12-25,95633361
1069,2022-12-26,95640211
1070,2022-12-27,95658362
1071,2022-12-28,95686685
1072,2022-12-29,95766958
1073,2022-12-30,95880498
1074,2022-12-31,95880716
1075,2023-01-01,95880716
1076,2023-01-02,95880716
1077,2023-01-03,95895405
1078,2023-01-04,95917506
1079,2023-01-05,96141078
1080,2023-01-06,96292325
1081,2023-01-07,96292585
1082,2023-01-08,96292585
1083,2023-01-09,96431137
1084,2023-01-10,96480797
1085,2023-01-11,96530660
1086,2023-01-12,96613336
1087,2023-01-13,96622484
1088,2023-01-14,96626030
1089,2023-01-15,96627980
1090,2023-01-16,96638235
1091,2023-01-17,96671041
1092,2023-01-18,96718125
1093,2023-01-19,96795379
1094,2023-01-20,96848178
1095,2023-01-21,96851476
1096,2023-01-22,96853613
1097,2023-01-23,96861050
1098,2023-01-24,96885051
1099,2023-01-25,96921684
1100,2023-01-26,97061426
1101,2023-01-27,97084530
1102,2023-01-28,97087718
1103,2023-01-29,97089525
1104,2023-01-30,97098102
1105,2023-01-31,97118884
1106,2023-02-01,97158578
1107,2023-02-02,97279541
1108,2023-02-03,97284551
1109,2023-02-04,97284771
1110,2023-02-05,97284771
1111,2023-02-06,97307580
1112,2023-02-07,97329294
1113,2023-02-08,97415250
1114,2023-02-09,97570507
1115,2023-02-10,97577303
1116,2023-02-11,97581552
1117,2023-02-12,97584077
1118,2023-02-13,97593283
1119,2023-02-14,97612379
1120,2023-02-15,97651278
1121,2023-02-16,97719032
1122,2023-02-17,97804558
1123,2023-02-18,97808119
1124,2023-02-19,97810417
1125,2023-02-20,97816441
1126,2023-02-21,97835835
1127,2023-02-22,97876598
1128,2023-02-23,97945979
1129,2023-02-24,97953855
1130,2023-02-25,97956879
1131,2023-02-26,97958715
1132,2023-02-27,97965369
1133,2023-02-28,97983399
1134,2023-03-01,97993187
1135,2023-03-02,98019248
1136,2023-03-03,98115935
1137,2023-03-04,98115935
1138,2023-03-05,98115935
1139,2023-03-06,98405438
1140,2023-03-07,98550933
1141,2023-03-08,98570510
1142,2023-03-09,98601118
1143,2023-03-10,98626560
1144,2023-03-11,98631032
1145,2023-03-12,98633802
1146,2023-03-13,98635885
1147,2023-03-14,98653291
1148,2023-03-15,98677701
1149,2023-03-16,98701522
1150,2023-03-17,98723235
1151,2023-03-18,98724826
1152,2023-03-19,98725790
1153,2023-03-20,98726922
1154,2023-03-21,98739698
1155,2023-03-22,98765923
1156,2023-03-23,98790341
1157,2023-03-24,98833739
1158,2023-03-25,98833739
1159,2023-03-26,98843826
1160,2023-03-27,98844973
1161,2023-03-28,98859283
1162,2023-03-29,98885133
1163,2023-03-30,98911153
1164,2023-03-31,98924899
1165,2023-04-01,98924899
1166,2023-04-02,98935998
1167,2023-04-03,98937635
1168,2023-04-04,98951161
1169,2023-04-05,98977467
1170,2023-04-06,99008293
1171,2023-04-07,99010401
1172,2023-04-08,99011718
1173,2023-04-09,99012759
1174,2023-04-10,99013947
1175,2023-04-11,99025612
1176,2023-04-12,99045358
1177,2023-04-13,99057254
1178,2023-04-14,99072275
1179,2023-04-15,99073368
1180,2023-04-16,99074115
1181,2023-04-17,99068867
1182,2023-04-18,99079170
1183,2023-04-19,99105676
1184,2023-04-20,99121482
1185,2023-04-21,99128534
1186,2023-04-22,99143721
1187,2023-04-23,99144716
1188,2023-04-24,99145983
1189,2023-04-25,99154468
1190,2023-04-26,99171642
1191,2023-04-27,99184300
1192,2023-04-28,99243113
1193,2023-04-29,99245410
1194,2023-04-30,99246301
1195,2023-05-01,99247588
1196,2023-05-02,99253495
1197,2023-05-03,99269629
1198,2023-05-04,99324426
1199,2023-05-05,99325854
1200,2023-05-06,99326921
1201,2023-05-07,99327620
1202,2023-05-08,99328515
1203,2023-05-09,99345469
1204,2023-05-10,99377482
1205,2023-05-11,99382193
1206,2023-05-12,99386510
1207,2023-05-13,99386510
1208,2023-05-15,99368271
1209,2023-05-16,99373668
1210,2023-05-17,99381275
1211,2023-05-18,99393847
1212,2023-05-19,99394619
1213,2023-05-20,99395313
1214,2023-05-21,99395758
1215,2023-05-22,99396137
1216,2023-05-23,99402362
1217,2023-05-24,99411869
1218,2023-05-25,99416037
1219,2023-05-26,99427374
1220,2023-05-27,99428120
1221,2023-05-28,99428567
1222,2023-05-29,99429000
1223,2023-06-12,99478224
1224,2023-06-13,99484418
1225,2023-06-14,99490055
1226,2023-06-15,99494607
1227,2023-06-16,99495332
1228,2023-06-17,99496132
1229,2023-06-18,99496693
1230,2023-06-19,99497183
1231,2023-06-20,99500197
1232,2023-06-21,99504550
1233,2023-06-22,99509594
1234,2023-06-23,99522022
1235,2023-06-24,99522611
1236,2023-06-25,99523050
1237,2023-06-26,99523401
1238,2023-06-27,99530091
1239,2023-06-28,99533736
1240,2023-06-29,99534667
1241,2023-06-30,99534733
1242,2023-07-01,99540207
1243,2023-07-02,99540865
1244,2023-07-03,99541401
1245,2023-07-04,99542435
1246,2023-07-05,99546518
1247,2023-07-06,99548155
1248,2023-07-07,99563446
1249,2023-07-08,99564416
1250,2023-07-09,99565098
1251,2023-07-10,99565762
1252,2023-07-11,99570275
1253,2023-07-12,99574061
1254,2023-07-13,99582938
1255,2023-07-14,99583860
1256,2023-07-15,99584700
1257,2023-07-16,99585122
1258,2023-07-17,99585659
1259,2023-07-18,99588872
1260,2023-07-19,99593865
1261,2023-07-20,99595974
1262,2023-07-21,99596741
1263,2023-07-22,99596741
1264,2023-07-23,99596741
