,Column,New Cases
0,2020-01-22,0
1,2020-01-23,0
2,2020-01-24,0
3,2020-01-25,0
4,2020-01-26,0
5,2020-01-27,0
6,2020-01-28,0
7,2020-01-29,0
8,2020-01-30,0
9,2020-01-31,0
10,2020-02-01,0
11,2020-02-02,0
12,2020-02-03,0
13,2020-02-04,0
14,2020-02-05,0
15,2020-02-06,0
16,2020-02-07,1
17,2020-02-08,0
18,2020-02-09,0
19,2020-02-10,0
20,2020-02-11,0
21,2020-02-12,0
22,2020-02-13,0
23,2020-02-14,0
24,2020-02-15,0
25,2020-02-16,0
26,2020-02-17,0
27,2020-02-18,1
28,2020-02-19,0
29,2020-02-20,0
30,2020-02-21,0
31,2020-02-22,0
32,2020-02-23,0
33,2020-02-24,0
34,2020-02-25,0
35,2020-02-26,0
36,2020-02-27,0
37,2020-02-28,0
38,2020-02-29,1
39,2020-03-01,0
40,2020-03-02,5
41,2020-03-03,1
42,2020-03-04,4
43,2020-03-05,2
44,2020-03-06,4
45,2020-03-07,4
46,2020-03-08,3
47,2020-03-09,5
48,2020-03-10,5
49,2020-03-11,5
50,2020-03-12,5
51,2020-03-13,7
52,2020-03-14,11
53,2020-03-15,7
54,2020-03-16,29
55,2020-03-17,23
56,2020-03-18,46
57,2020-03-19,58
58,2020-03-20,46
59,2020-03-21,86
60,2020-03-22,105
61,2020-03-23,144
62,2020-03-24,225
63,2020-03-25,292
64,2020-03-26,316
65,2020-03-27,404
66,2020-03-28,556
67,2020-03-29,451
68,2020-03-30,673
69,2020-03-31,933
70,2020-04-01,1077
71,2020-04-02,1291
72,2020-04-03,1382
73,2020-04-04,1421
74,2020-04-05,1520
75,2020-04-06,1555
76,2020-04-07,2138
77,2020-04-08,2097
78,2020-04-09,2008
79,2020-04-10,2515
80,2020-04-11,2481
81,2020-04-12,1032
82,2020-04-13,1258
83,2020-04-14,3054
84,2020-04-15,2424
85,2020-04-16,2240
86,2020-04-17,2047
87,2020-04-18,1484
88,2020-04-19,2567
89,2020-04-20,1838
90,2020-04-21,2736
91,2020-04-22,1996
92,2020-04-23,1822
93,2020-04-24,2699
94,2020-04-25,1983
95,2020-04-26,1197
96,2020-04-27,1398
97,2020-04-28,2225
98,2020-04-29,2590
99,2020-04-30,2087
100,2020-05-01,1803
101,2020-05-02,1611
102,2020-05-03,1476
103,2020-05-04,1003
104,2020-05-05,2455
105,2020-05-06,2554
106,2020-05-07,2075
107,2020-05-08,1666
108,2020-05-09,1521
109,2020-05-10,932
110,2020-05-11,963
111,2020-05-12,1610
112,2020-05-13,1724
113,2020-05-14,1739
114,2020-05-15,1427
115,2020-05-16,1179
116,2020-05-17,856
117,2020-05-18,1075
118,2020-05-19,1507
119,2020-05-20,1454
120,2020-05-21,1317
121,2020-05-22,1209
122,2020-05-23,1111
123,2020-05-24,737
124,2020-05-25,774
125,2020-05-26,686
126,2020-05-27,1365
127,2020-05-28,1178
128,2020-05-29,1232
129,2020-05-30,857
130,2020-05-31,622
131,2020-06-01,734
132,2020-06-02,1222
133,2020-06-03,988
134,2020-06-04,972
135,2020-06-05,1095
136,2020-06-06,781
137,2020-06-07,458
138,2020-06-08,623
139,2020-06-09,944
140,2020-06-10,881
141,2020-06-11,846
142,2020-06-12,766
143,2020-06-13,790
144,2020-06-14,412
145,2020-06-15,459
146,2020-06-16,748
147,2020-06-17,768
148,2020-06-18,679
149,2020-06-19,759
150,2020-06-20,605
151,2020-06-21,348
152,2020-06-22,415
153,2020-06-23,841
154,2020-06-24,750
155,2020-06-25,641
156,2020-06-26,682
157,2020-06-27,2479
158,2020-06-28,369
159,2020-06-29,446
160,2020-06-30,1357
161,2020-07-01,765
162,2020-07-02,668
163,2020-07-03,776
164,2020-07-04,484
165,2020-07-05,400
166,2020-07-06,501
167,2020-07-07,1004
168,2020-07-08,903
169,2020-07-09,1003
170,2020-07-10,931
171,2020-07-11,825
172,2020-07-12,710
173,2020-07-13,596
174,2020-07-14,1056
175,2020-07-15,1041
176,2020-07-16,1043
177,2020-07-17,998
178,2020-07-18,1010
179,2020-07-19,719
180,2020-07-20,708
181,2020-07-21,1198
182,2020-07-22,1146
183,2020-07-23,1216
184,2020-07-24,1375
185,2020-07-25,919
186,2020-07-26,736
187,2020-07-27,742
188,2020-07-28,637
189,2020-07-29,1900
190,2020-07-30,1396
191,2020-07-31,1283
192,2020-08-01,1152
193,2020-08-02,678
194,2020-08-03,630
195,2020-08-04,1241
196,2020-08-05,1244
197,2020-08-06,1167
198,2020-08-07,1213
199,2020-08-08,1028
200,2020-08-09,789
201,2020-08-10,659
202,2020-08-11,1318
203,2020-08-12,1323
204,2020-08-13,1038
205,2020-08-14,996
206,2020-08-15,1184
207,2020-08-16,666
208,2020-08-17,597
209,2020-08-18,1071
210,2020-08-19,1111
211,2020-08-20,1011
212,2020-08-21,927
213,2020-08-22,989
214,2020-08-23,547
215,2020-08-24,523
216,2020-08-25,1018
217,2020-08-26,1298
218,2020-08-27,908
219,2020-08-28,908
220,2020-08-29,942
221,2020-08-30,505
222,2020-08-31,584
223,2020-09-01,952
224,2020-09-02,878
225,2020-09-03,820
226,2020-09-04,812
227,2020-09-05,822
228,2020-09-06,498
229,2020-09-07,354
230,2020-09-08,391
231,2020-09-09,987
232,2020-09-10,954
233,2020-09-11,902
234,2020-09-12,673
235,2020-09-13,450
236,2020-09-14,453
237,2020-09-15,932
238,2020-09-16,1051
239,2020-09-17,754
240,2020-09-18,798
241,2020-09-19,700
242,2020-09-20,367
243,2020-09-21,351
244,2020-09-22,783
245,2020-09-23,1027
246,2020-09-24,814
247,2020-09-25,788
248,2020-09-26,798
249,2020-09-27,317
250,2020-09-28,349
251,2020-09-29,685
252,2020-09-30,899
253,2020-10-01,762
254,2020-10-02,783
255,2020-10-03,739
256,2020-10-04,386
257,2020-10-05,254
258,2020-10-06,842
259,2020-10-07,820
260,2020-10-08,806
261,2020-10-09,899
262,2020-10-10,678
263,2020-10-11,599
264,2020-10-12,384
265,2020-10-13,698
266,2020-10-14,611
267,2020-10-15,1090
268,2020-10-16,815
269,2020-10-17,751
270,2020-10-18,464
271,2020-10-19,670
272,2020-10-20,898
273,2020-10-21,1042
274,2020-10-22,900
275,2020-10-23,969
276,2020-10-24,801
277,2020-10-25,454
278,2020-10-26,778
279,2020-10-27,896
280,2020-10-28,926
281,2020-10-29,1025
282,2020-10-30,906
283,2020-10-31,1031
284,2020-11-01,509
285,2020-11-02,686
286,2020-11-03,1260
287,2020-11-04,1153
288,2020-11-05,1440
289,2020-11-06,1146
290,2020-11-07,1147
291,2020-11-08,660
292,2020-11-09,1123
293,2020-11-10,1266
294,2020-11-11,1534
295,2020-11-12,1148
296,2020-11-13,1259
297,2020-11-14,1547
298,2020-11-15,776
299,2020-11-16,966
300,2020-11-17,1500
301,2020-11-18,1876
302,2020-11-19,2147
303,2020-11-20,1681
304,2020-11-21,1634
305,2020-11-22,1197
306,2020-11-23,1689
307,2020-11-24,1882
308,2020-11-25,2168
309,2020-11-26,1374
310,2020-11-27,1473
311,2020-11-28,1838
312,2020-11-29,1031
313,2020-11-30,1686
314,2020-12-01,2334
315,2020-12-02,2644
316,2020-12-03,2639
317,2020-12-04,2549
318,2020-12-05,2809
319,2020-12-06,1331
320,2020-12-07,1831
321,2020-12-08,2414
322,2020-12-09,3152
323,2020-12-10,2797
324,2020-12-11,3468
325,2020-12-12,2828
326,2020-12-13,1743
327,2020-12-14,2117
328,2020-12-15,2854
329,2020-12-16,3340
330,2020-12-17,3300
331,2020-12-18,2899
332,2020-12-19,3311
333,2020-12-20,1993
334,2020-12-21,2029
335,2020-12-22,2585
336,2020-12-23,3067
337,2020-12-24,3311
338,2020-12-25,1168
339,2020-12-26,2252
340,2020-12-27,1682
341,2020-12-28,3943
342,2020-12-29,3774
343,2020-12-30,3547
344,2020-12-31,3600
345,2021-01-01,2684
346,2021-01-02,3452
347,2021-01-03,2345
348,2021-01-04,2338
349,2021-01-05,3885
350,2021-01-06,4141
351,2021-01-07,4017
352,2021-01-08,3749
353,2021-01-09,3877
354,2021-01-10,2232
355,2021-01-11,2597
356,2021-01-12,4145
357,2021-01-13,4144
358,2021-01-14,3954
359,2021-01-15,3568
360,2021-01-16,3941
361,2021-01-17,2325
362,2021-01-18,2149
363,2021-01-19,2318
364,2021-01-20,4246
365,2021-01-21,3933
366,2021-01-22,3607
367,2021-01-23,3619
368,2021-01-24,2044
369,2021-01-25,2060
370,2021-01-26,3436
371,2021-01-27,3754
372,2021-01-28,3394
373,2021-01-29,3449
374,2021-01-30,2915
375,2021-01-31,2105
376,2021-02-01,1956
377,2021-02-02,3216
378,2021-02-03,3492
379,2021-02-04,4714
380,2021-02-05,3072
381,2021-02-06,2990
382,2021-02-07,1636
383,2021-02-08,1488
384,2021-02-09,2676
385,2021-02-10,2923
386,2021-02-11,3564
387,2021-02-12,5057
388,2021-02-13,3235
389,2021-02-14,1255
390,2021-02-15,1239
391,2021-02-16,1594
392,2021-02-17,2305
393,2021-02-18,2409
394,2021-02-19,2355
395,2021-02-20,1790
396,2021-02-21,1211
397,2021-02-22,1283
398,2021-02-23,1863
399,2021-02-24,2346
400,2021-02-25,2026
401,2021-02-26,1657
402,2021-02-27,1629
403,2021-02-28,969
404,2021-03-01,1354
405,2021-03-02,1510
406,2021-03-03,2341
407,2021-03-04,1495
408,2021-03-05,1437
409,2021-03-06,1320
410,2021-03-07,760
411,2021-03-08,1016
412,2021-03-09,1526
413,2021-03-10,1339
414,2021-03-11,1238
415,2021-03-12,1352
416,2021-03-13,598
417,2021-03-14,482
418,2021-03-15,689
419,2021-03-16,972
420,2021-03-17,952
421,2021-03-18,1350
422,2021-03-19,1292
423,2021-03-20,633
424,2021-03-21,615
425,2021-03-22,451
426,2021-03-23,733
427,2021-03-24,1201
428,2021-03-25,952
429,2021-03-26,989
430,2021-03-27,641
431,2021-03-28,414
432,2021-03-29,679
433,2021-03-30,688
434,2021-03-31,997
435,2021-04-01,2500
436,2021-04-02,750
437,2021-04-03,619
438,2021-04-04,578
439,2021-04-05,231
440,2021-04-06,962
441,2021-04-07,747
442,2021-04-08,788
443,2021-04-09,636
444,2021-04-10,594
445,2021-04-11,332
446,2021-04-12,628
447,2021-04-13,801
448,2021-04-14,724
449,2021-04-15,775
450,2021-04-16,826
451,2021-04-17,627
452,2021-04-18,285
453,2021-04-19,585
454,2021-04-20,774
455,2021-04-21,731
456,2021-04-22,772
457,2021-04-23,715
458,2021-04-24,620
459,2021-04-25,315
460,2021-04-26,614
461,2021-04-27,631
462,2021-04-28,763
463,2021-04-29,698
464,2021-04-30,567
465,2021-05-01,671
466,2021-05-02,250
467,2021-05-03,483
468,2021-05-04,765
469,2021-05-05,642
470,2021-05-06,636
471,2021-05-07,764
472,2021-05-08,566
473,2021-05-09,457
474,2021-05-10,382
475,2021-05-11,641
476,2021-05-12,646
477,2021-05-13,676
478,2021-05-14,689
479,2021-05-15,495
480,2021-05-16,321
481,2021-05-17,373
482,2021-05-18,845
483,2021-05-19,522
484,2021-05-20,648
485,2021-05-21,644
486,2021-05-22,447
487,2021-05-23,227
488,2021-05-24,393
489,2021-05-25,679
490,2021-05-26,480
491,2021-05-27,1168
492,2021-05-28,528
493,2021-05-29,318
494,2021-05-30,143
495,2021-05-31,129
496,2021-06-01,667
497,2021-06-02,491
498,2021-06-03,503
499,2021-06-04,450
500,2021-06-05,352
501,2021-06-06,125
502,2021-06-07,338
503,2021-06-08,358
504,2021-06-09,354
505,2021-06-10,351
506,2021-06-11,674
507,2021-06-12,264
508,2021-06-13,241
509,2021-06-14,243
510,2021-06-15,328
511,2021-06-16,282
512,2021-06-17,288
513,2021-06-18,578
514,2021-06-19,160
515,2021-06-20,65
516,2021-06-21,282
517,2021-06-22,309
518,2021-06-23,328
519,2021-06-24,230
520,2021-06-25,512
521,2021-06-26,132
522,2021-06-27,72
523,2021-06-28,205
524,2021-06-29,314
525,2021-06-30,341
526,2021-07-01,243
527,2021-07-02,253
528,2021-07-03,124
529,2021-07-04,60
530,2021-07-05,66
531,2021-07-06,306
532,2021-07-07,376
533,2021-07-08,224
534,2021-07-09,322
535,2021-07-10,112
536,2021-07-11,83
537,2021-07-12,260
538,2021-07-13,425
539,2021-07-14,335
540,2021-07-15,751
541,2021-07-16,302
542,2021-07-17,164
543,2021-07-18,114
544,2021-07-19,286
545,2021-07-20,354
546,2021-07-21,373
547,2021-07-22,323
548,2021-07-23,454
549,2021-07-24,245
550,2021-07-25,167
551,2021-07-26,423
552,2021-07-27,555
553,2021-07-28,461
554,2021-07-29,422
555,2021-07-30,461
556,2021-07-31,377
557,2021-08-01,264
558,2021-08-02,690
559,2021-08-03,865
560,2021-08-04,670
561,2021-08-05,660
562,2021-08-06,782
563,2021-08-07,550
564,2021-08-08,360
565,2021-08-09,927
566,2021-08-10,1025
567,2021-08-11,874
568,2021-08-12,773
569,2021-08-13,972
570,2021-08-14,613
571,2021-08-15,347
572,2021-08-16,1024
573,2021-08-17,1118
574,2021-08-18,1229
575,2021-08-19,905
576,2021-08-20,998
577,2021-08-21,803
578,2021-08-22,371
579,2021-08-23,1424
580,2021-08-24,2324
581,2021-08-25,1318
582,2021-08-26,1299
583,2021-08-27,1620
584,2021-08-28,1390
585,2021-08-29,332
586,2021-08-30,1538
587,2021-08-31,2907
588,2021-09-01,1700
589,2021-09-02,1401
590,2021-09-03,1818
591,2021-09-04,699
592,2021-09-05,1286
593,2021-09-06,670
594,2021-09-07,3312
595,2021-09-08,1925
596,2021-09-09,1527
597,2021-09-10,2191
598,2021-09-11,1496
599,2021-09-12,421
600,2021-09-13,2000
601,2021-09-14,3528
602,2021-09-15,1888
603,2021-09-16,1463
604,2021-09-17,104
605,2021-09-18,4146
606,2021-09-19,315
607,2021-09-20,2218
608,2021-09-21,3566
609,2021-09-22,2238
610,2021-09-23,1634
611,2021-09-24,2164
612,2021-09-25,491
613,2021-09-26,1294
614,2021-09-27,2656
615,2021-09-28,2099
616,2021-09-29,2887
617,2021-09-30,1363
618,2021-10-01,2141
619,2021-10-02,1140
620,2021-10-03,212
621,2021-10-04,1929
622,2021-10-05,2691
623,2021-10-06,1994
624,2021-10-07,1287
625,2021-10-08,1859
626,2021-10-09,292
627,2021-10-10,104
628,2021-10-11,2569
629,2021-10-12,1466
630,2021-10-13,2986
631,2021-10-14,1305
632,2021-10-15,1096
633,2021-10-16,816
634,2021-10-17,466
635,2021-10-18,2465
636,2021-10-19,2022
637,2021-10-20,1465
638,2021-10-21,1300
639,2021-10-22,1737
640,2021-10-23,1116
641,2021-10-24,662
642,2021-10-25,1272
643,2021-10-26,1760
644,2021-10-27,1376
645,2021-10-28,1616
646,2021-10-29,1568
647,2021-10-30,439
648,2021-10-31,356
649,2021-11-01,1370
650,2021-11-02,1472
651,2021-11-03,1445
652,2021-11-04,910
653,2021-11-05,2672
654,2021-11-06,455
655,2021-11-07,646
656,2021-11-08,1056
657,2021-11-09,1804
658,2021-11-10,1372
659,2021-11-11,295
660,2021-11-12,2376
661,2021-11-13,372
662,2021-11-14,350
663,2021-11-15,1292
664,2021-11-16,1140
665,2021-11-17,1309
666,2021-11-18,1752
667,2021-11-19,1478
668,2021-11-20,371
669,2021-11-21,18
670,2021-11-22,3947
671,2021-11-23,1456
672,2021-11-24,1332
673,2021-11-25,341
674,2021-11-26,1380
675,2021-11-27,176
676,2021-11-28,374
677,2021-11-29,1596
678,2021-11-30,1200
679,2021-12-01,1762
680,2021-12-02,1039
681,2021-12-03,1924
682,2021-12-04,277
683,2021-12-05,835
684,2021-12-06,1428
685,2021-12-07,1561
686,2021-12-08,1415
687,2021-12-09,1223
688,2021-12-10,1955
689,2021-12-11,205
690,2021-12-12,49
691,2021-12-13,1928
692,2021-12-14,1845
693,2021-12-15,3854
694,2021-12-16,1164
695,2021-12-17,1969
696,2021-12-18,673
697,2021-12-19,268
698,2021-12-20,1440
699,2021-12-21,1991
700,2021-12-22,1683
701,2021-12-23,3424
702,2021-12-24,1183
703,2021-12-25,33
704,2021-12-26,266
705,2021-12-27,2081
706,2021-12-28,1911
707,2021-12-29,1878
708,2021-12-30,1145
709,2021-12-31,1458
710,2022-01-01,256
711,2022-01-02,413
712,2022-01-03,2187
713,2022-01-04,2180
714,2022-01-05,1791
715,2022-01-06,2385
716,2022-01-07,2135
717,2022-01-08,1392
718,2022-01-09,202
719,2022-01-10,2153
720,2022-01-11,2633
721,2022-01-12,2148
722,2022-01-13,2485
723,2022-01-14,3054
724,2022-01-15,418
725,2022-01-16,1210
726,2022-01-17,1252
727,2022-01-18,2317
728,2022-01-19,3836
729,2022-01-20,2086
730,2022-01-21,4173
731,2022-01-22,677
732,2022-01-23,581
733,2022-01-24,3814
734,2022-01-25,2676
735,2022-01-26,3543
736,2022-01-27,2745
737,2022-01-28,3114
738,2022-01-29,665
739,2022-01-30,538
740,2022-01-31,4141
741,2022-02-01,3913
742,2022-02-02,2772
743,2022-02-03,2006
744,2022-02-04,4392
745,2022-02-05,503
746,2022-02-06,1326
747,2022-02-07,3769
748,2022-02-08,2908
749,2022-02-09,3139
750,2022-02-10,2362
751,2022-02-11,3453
752,2022-02-12,550
753,2022-02-13,647
754,2022-02-14,3608
755,2022-02-15,2463
756,2022-02-16,2889
757,2022-02-17,1672
758,2022-02-18,2888
759,2022-02-19,1001
760,2022-02-20,506
761,2022-02-21,1380
762,2022-02-22,2962
763,2022-02-23,3577
764,2022-02-24,1558
765,2022-02-25,3457
766,2022-02-26,387
767,2022-02-27,475
768,2022-02-28,2459
769,2022-03-01,2068
770,2022-03-02,1307
771,2022-03-03,824
772,2022-03-04,2464
773,2022-03-05,594
774,2022-03-06,90
775,2022-03-07,1461
776,2022-03-08,2144
777,2022-03-09,2152
778,2022-03-10,951
779,2022-03-11,1718
780,2022-03-12,201
781,2022-03-13,428
782,2022-03-14,1449
783,2022-03-15,1571
784,2022-03-16,1516
785,2022-03-17,1150
786,2022-03-18,561
787,2022-03-19,-2889
788,2022-03-20,509
789,2022-03-21,1139
790,2022-03-22,737
791,2022-03-23,1174
792,2022-03-24,657
793,2022-03-25,857
794,2022-03-26,309
795,2022-03-27,342
796,2022-03-28,1115
797,2022-03-29,869
798,2022-03-30,1125
799,2022-03-31,641
800,2022-04-01,677
801,2022-04-02,26
802,2022-04-03,101
803,2022-04-04,691
804,2022-04-05,271
805,2022-04-06,935
806,2022-04-07,714
807,2022-04-08,315
808,2022-04-09,150
809,2022-04-10,194
810,2022-04-11,476
811,2022-04-12,444
812,2022-04-13,1749
813,2022-04-14,343
814,2022-04-15,269
815,2022-04-16,53
816,2022-04-17,185
817,2022-04-18,231
818,2022-04-19,778
819,2022-04-20,811
820,2022-04-21,276
821,2022-04-22,310
822,2022-04-23,203
823,2022-04-24,251
824,2022-04-25,334
825,2022-04-26,184
826,2022-04-27,941
827,2022-04-28,215
828,2022-04-29,224
829,2022-04-30,564
830,2022-05-01,221
831,2022-05-02,394
832,2022-05-03,300
833,2022-05-04,1685
834,2022-05-05,258
835,2022-05-06,287
836,2022-05-07,192
837,2022-05-08,51
838,2022-05-09,545
839,2022-05-10,206
840,2022-05-11,795
841,2022-05-12,-10
842,2022-05-13,287
843,2022-05-14,5
844,2022-05-15,225
845,2022-05-16,503
846,2022-05-17,196
847,2022-05-18,538
848,2022-05-19,242
849,2022-05-20,310
850,2022-05-21,197
851,2022-05-22,48
852,2022-05-23,282
853,2022-05-24,205
854,2022-05-25,783
855,2022-05-26,549
856,2022-05-27,369
857,2022-05-28,157
858,2022-05-29,53
859,2022-05-30,128
860,2022-05-31,207
861,2022-06-01,496
862,2022-06-02,179
863,2022-06-03,433
864,2022-06-04,50
865,2022-06-05,5
866,2022-06-06,258
867,2022-06-07,444
868,2022-06-08,979
869,2022-06-09,144
870,2022-06-10,541
871,2022-06-11,128
872,2022-06-12,125
873,2022-06-13,308
874,2022-06-14,322
875,2022-06-15,747
876,2022-06-16,313
877,2022-06-17,328
878,2022-06-18,647
879,2022-06-19,45
880,2022-06-20,154
881,2022-06-21,250
882,2022-06-22,544
883,2022-06-23,477
884,2022-06-24,420
885,2022-06-25,96
886,2022-06-26,31
887,2022-06-27,174
888,2022-06-28,404
889,2022-06-29,1705
890,2022-06-30,492
891,2022-07-01,450
892,2022-07-02,112
893,2022-07-03,107
894,2022-07-04,175
895,2022-07-05,407
896,2022-07-06,571
897,2022-07-07,381
898,2022-07-08,528
899,2022-07-09,113
900,2022-07-10,123
901,2022-07-11,-742
902,2022-07-12,364
903,2022-07-13,836
904,2022-07-14,591
905,2022-07-15,272
906,2022-07-16,307
907,2022-07-17,51
908,2022-07-18,317
909,2022-07-19,470
910,2022-07-20,785
911,2022-07-21,269
912,2022-07-22,622
913,2022-07-23,21
914,2022-07-24,12
915,2022-07-25,316
916,2022-07-26,384
917,2022-07-27,1169
918,2022-07-28,297
919,2022-07-29,388
920,2022-07-30,85
921,2022-07-31,12
922,2022-08-01,358
923,2022-08-02,754
924,2022-08-03,916
925,2022-08-04,582
926,2022-08-05,640
927,2022-08-06,26
928,2022-08-07,23
929,2022-08-08,240
930,2022-08-09,1086
931,2022-08-10,600
932,2022-08-11,397
933,2022-08-12,673
934,2022-08-13,15
935,2022-08-14,12
936,2022-08-15,335
937,2022-08-16,937
938,2022-08-17,634
939,2022-08-18,464
940,2022-08-19,640
941,2022-08-20,13
942,2022-08-21,5
943,2022-08-22,278
944,2022-08-23,995
945,2022-08-24,742
946,2022-08-25,413
947,2022-08-26,549
948,2022-08-27,332
949,2022-08-28,25
950,2022-08-29,277
951,2022-08-30,204
952,2022-08-31,1412
953,2022-09-01,432
954,2022-09-02,393
955,2022-09-03,13
956,2022-09-04,4
957,2022-09-05,659
958,2022-09-06,421
959,2022-09-07,443
960,2022-09-08,413
961,2022-09-09,312
962,2022-09-10,355
963,2022-09-11,129
964,2022-09-12,249
965,2022-09-13,441
966,2022-09-14,398
967,2022-09-15,866
968,2022-09-16,452
969,2022-09-17,13
970,2022-09-18,151
971,2022-09-19,210
972,2022-09-20,409
973,2022-09-21,485
974,2022-09-22,915
975,2022-09-23,400
976,2022-09-24,43
977,2022-09-25,262
978,2022-09-26,219
979,2022-09-27,371
980,2022-09-28,522
981,2022-09-29,474
982,2022-09-30,703
983,2022-10-01,233
984,2022-10-02,37
985,2022-10-03,181
986,2022-10-04,449
987,2022-10-05,1072
988,2022-10-06,414
989,2022-10-07,238
990,2022-10-08,16
991,2022-10-09,262
992,2022-10-10,162
993,2022-10-11,350
994,2022-10-12,543
995,2022-10-13,639
996,2022-10-14,249
997,2022-10-15,8
998,2022-10-16,296
999,2022-10-17,204
1000,2022-10-18,351
1001,2022-10-19,274
1002,2022-10-20,269
1003,2022-10-21,427
1004,2022-10-22,3
1005,2022-10-23,31
1006,2022-10-24,-149
1007,2022-10-25,231
1008,2022-10-26,462
1009,2022-10-27,312
1010,2022-10-28,607
1011,2022-10-29,5
1012,2022-10-30,157
1013,2022-10-31,120
1014,2022-11-01,314
1015,2022-11-02,578
1016,2022-11-03,329
1017,2022-11-04,-877
1018,2022-11-05,20
1019,2022-11-06,12
1020,2022-11-07,101
1021,2022-11-08,-452
1022,2022-11-09,585
1023,2022-11-10,1273
1024,2022-11-11,1022
1025,2022-11-12,0
1026,2022-11-13,35
1027,2022-11-14,686
1028,2022-11-15,310
1029,2022-11-16,-25
1030,2022-11-17,328
1031,2022-11-18,420
1032,2022-11-19,1
1033,2022-11-20,0
1034,2022-11-21,578
1035,2022-11-22,429
1036,2022-11-23,444
1037,2022-11-24,59
1038,2022-11-25,64
1039,2022-11-26,0
1040,2022-11-27,18
1041,2022-11-28,337
1042,2022-11-29,296
1043,2022-11-30,303
1044,2022-12-01,182
1045,2022-12-02,1045
1046,2022-12-03,4
1047,2022-12-04,0
1048,2022-12-05,-311
1049,2022-12-06,320
1050,2022-12-07,476
1051,2022-12-08,207
1052,2022-12-09,1327
1053,2022-12-10,0
1054,2022-12-11,0
1055,2022-12-12,64
1056,2022-12-13,196
1057,2022-12-14,-268
1058,2022-12-15,193
1059,2022-12-16,1885
1060,2022-12-17,0
1061,2022-12-18,0
1062,2022-12-19,-125
1063,2022-12-20,218
1064,2022-12-21,814
1065,2022-12-22,115
1066,2022-12-23,30
1067,2022-12-24,3
1068,2022-12-25,0
1069,2022-12-26,12
1070,2022-12-27,75
1071,2022-12-28,222
1072,2022-12-29,214
1073,2022-12-30,1566
1074,2022-12-31,3
1075,2023-01-01,0
1076,2023-01-02,0
1077,2023-01-03,-500
1078,2023-01-04,189
1079,2023-01-05,698
1080,2023-01-06,940
1081,2023-01-07,6
1082,2023-01-08,0
1083,2023-01-09,1558
1084,2023-01-10,531
1085,2023-01-11,304
1086,2023-01-12,1033
1087,2023-01-13,105
1088,2023-01-14,15
1089,2023-01-15,0
1090,2023-01-16,578
1091,2023-01-17,414
1092,2023-01-18,252
1093,2023-01-19,596
1094,2023-01-20,1198
1095,2023-01-21,12
1096,2023-01-22,10
1097,2023-01-23,58
1098,2023-01-24,447
1099,2023-01-25,296
1100,2023-01-26,1850
1101,2023-01-27,513
1102,2023-01-28,7
1103,2023-01-29,2
1104,2023-01-30,58
1105,2023-01-31,343
1106,2023-02-01,317
1107,2023-02-02,1670
1108,2023-02-03,75
1109,2023-02-04,0
1110,2023-02-05,0
1111,2023-02-06,823
1112,2023-02-07,523
1113,2023-02-08,288
1114,2023-02-09,1666
1115,2023-02-10,75
1116,2023-02-11,37
1117,2023-02-12,20
1118,2023-02-13,78
1119,2023-02-14,209
1120,2023-02-15,307
1121,2023-02-16,597
1122,2023-02-17,1224
1123,2023-02-18,7
1124,2023-02-19,15
1125,2023-02-20,68
1126,2023-02-21,168
1127,2023-02-22,207
1128,2023-02-23,459
1129,2023-02-24,26
1130,2023-02-25,1
1131,2023-02-26,4
1132,2023-02-27,51
1133,2023-02-28,191
1134,2023-03-01,130
1135,2023-03-02,92
1136,2023-03-03,1083
1137,2023-03-04,0
1138,2023-03-05,0
1139,2023-03-06,1944
1140,2023-03-07,858
1141,2023-03-08,135
1142,2023-03-09,190
1143,2023-03-10,295
1144,2023-03-11,10
1145,2023-03-12,9
1146,2023-03-13,12
1147,2023-03-14,158
1148,2023-03-15,149
1149,2023-03-16,279
1150,2023-03-17,351
1151,2023-03-18,1
1152,2023-03-19,1
1153,2023-03-20,0
1154,2023-03-21,143
1155,2023-03-22,227
1156,2023-03-23,379
1157,2023-03-24,651
1158,2023-03-25,0
1159,2023-03-26,-29
1160,2023-03-27,4
1161,2023-03-28,139
1162,2023-03-29,226
1163,2023-03-30,476
1164,2023-03-31,129
1165,2023-04-01,0
1166,2023-04-02,147
1167,2023-04-03,22
1168,2023-04-04,114
1169,2023-04-05,178
1170,2023-04-06,704
1171,2023-04-07,16
1172,2023-04-08,3
1173,2023-04-09,4
1174,2023-04-10,8
1175,2023-04-11,136
1176,2023-04-12,167
1177,2023-04-13,122
1178,2023-04-14,164
1179,2023-04-15,2
1180,2023-04-16,3
1181,2023-04-17,203
1182,2023-04-18,144
1183,2023-04-19,144
1184,2023-04-20,238
1185,2023-04-21,17
1186,2023-04-22,63
1187,2023-04-23,12
1188,2023-04-24,7
1189,2023-04-25,140
1190,2023-04-26,105
1191,2023-04-27,143
1192,2023-04-28,1364
1193,2023-04-29,93
1194,2023-04-30,5
1195,2023-05-01,19
1196,2023-05-02,75
1197,2023-05-03,170
1198,2023-05-04,-1493
1199,2023-05-05,5
1200,2023-05-06,2
1201,2023-05-07,3
1202,2023-05-08,1
1203,2023-05-09,133
1204,2023-05-10,604
1205,2023-05-11,34
1206,2023-05-12,73
1207,2023-05-13,0
1208,2023-05-15,-233
1209,2023-05-16,73
1210,2023-05-17,40
1211,2023-05-18,-245
1212,2023-05-19,4
1213,2023-05-20,0
1214,2023-05-21,0
1215,2023-05-22,1
1216,2023-05-23,142
1217,2023-05-24,143
1218,2023-05-25,59
1219,2023-05-26,218
1220,2023-05-27,0
1221,2023-05-28,1
1222,2023-05-29,0
1223,2023-06-12,852
1224,2023-06-13,43
1225,2023-06-14,177
1226,2023-06-15,319
1227,2023-06-16,3
1228,2023-06-17,4
1229,2023-06-18,5
1230,2023-06-19,3
1231,2023-06-20,19
1232,2023-06-21,52
1233,2023-06-22,62
1234,2023-06-23,202
1235,2023-06-24,1
1236,2023-06-25,2
1237,2023-06-26,1
1238,2023-06-27,44
1239,2023-06-28,52
1240,2023-06-29,33
1241,2023-06-30,2
1242,2023-07-01,136
1243,2023-07-02,2
1244,2023-07-03,5
1245,2023-07-04,3
1246,2023-07-05,49
1247,2023-07-06,4
1248,2023-07-07,181
1249,2023-07-08,0
1250,2023-07-09,0
1251,2023-07-10,0
1252,2023-07-11,35
1253,2023-07-12,25
1254,2023-07-13,79
1255,2023-07-14,0
1256,2023-07-15,0
1257,2023-07-16,0
1258,2023-07-17,0
1259,2023-07-18,37
1260,2023-07-19,18
1261,2023-07-20,-239
1262,2023-07-21,18
1263,2023-07-22,0
1264,2023-07-23,0
