Day,Sum_Cases,Sum_Deaths,New Cases,New Death,cases_per_100k,deaths_per_100k,Week
2020-01-22,0.0,0.0,0,0,0.0,0.0,2020-01-20/2020-01-26
2020-01-23,0.0,0.0,0,0,0.0,0.0,2020-01-20/2020-01-26
2020-01-24,0.0,0.0,0,0,0.0,0.0,2020-01-20/2020-01-26
2020-01-25,0.0,0.0,0,0,0.0,0.0,2020-01-20/2020-01-26
2020-01-26,0.0,0.0,0,0,0.0,0.0,2020-01-20/2020-01-26
2020-01-27,0.0,0.0,0,0,0.0,0.0,2020-01-27/2020-02-02
2020-01-28,0.0,0.0,0,0,0.0,0.0,2020-01-27/2020-02-02
2020-01-29,0.0,0.0,0,0,0.0,0.0,2020-01-27/2020-02-02
2020-01-30,0.0,0.0,0,0,0.0,0.0,2020-01-27/2020-02-02
2020-01-31,0.0,0.0,0,0,0.0,0.0,2020-01-27/2020-02-02
2020-02-01,0.0,0.0,0,0,0.0,0.0,2020-01-27/2020-02-02
2020-02-02,0.0,0.0,0,0,0.0,0.0,2020-01-27/2020-02-02
2020-02-03,0.0,0.0,0,0,0.0,0.0,2020-02-03/2020-02-09
2020-02-04,0.0,0.0,0,0,0.0,0.0,2020-02-03/2020-02-09
2020-02-05,0.0,0.0,0,0,0.0,0.0,2020-02-03/2020-02-09
2020-02-06,0.0,0.0,0,0,0.0,0.0,2020-02-03/2020-02-09
2020-02-07,0.0,0.0,0,0,0.0,0.0,2020-02-03/2020-02-09
2020-02-08,0.0,0.0,0,0,0.0,0.0,2020-02-03/2020-02-09
2020-02-09,0.0,0.0,0,0,0.0,0.0,2020-02-03/2020-02-09
2020-02-10,0.0,0.0,0,0,0.0,0.0,2020-02-10/2020-02-16
2020-02-11,0.0,0.0,0,0,0.0,0.0,2020-02-10/2020-02-16
2020-02-12,0.0,0.0,0,0,0.0,0.0,2020-02-10/2020-02-16
2020-02-13,0.0,0.0,0,0,0.0,0.0,2020-02-10/2020-02-16
2020-02-14,0.0,0.0,0,0,0.0,0.0,2020-02-10/2020-02-16
2020-02-15,0.0,0.0,0,0,0.0,0.0,2020-02-10/2020-02-16
2020-02-16,0.0,0.0,0,0,0.0,0.0,2020-02-10/2020-02-16
2020-02-17,0.0,0.0,0,0,0.0,0.0,2020-02-17/2020-02-23
2020-02-18,0.0,0.0,0,0,0.0,0.0,2020-02-17/2020-02-23
2020-02-19,0.0,0.0,0,0,0.0,0.0,2020-02-17/2020-02-23
2020-02-20,0.0,0.0,0,0,0.0,0.0,2020-02-17/2020-02-23
2020-02-21,0.0,0.0,0,0,0.0,0.0,2020-02-17/2020-02-23
2020-02-22,0.0,0.0,0,0,0.0,0.0,2020-02-17/2020-02-23
2020-02-23,0.0,0.0,0,0,0.0,0.0,2020-02-17/2020-02-23
2020-02-24,0.0,0.0,0,0,0.0,0.0,2020-02-24/2020-03-01
2020-02-25,0.0,0.0,0,0,0.0,0.0,2020-02-24/2020-03-01
2020-02-26,0.0,0.0,0,0,0.0,0.0,2020-02-24/2020-03-01
2020-02-27,0.0,0.0,0,0,0.0,0.0,2020-02-24/2020-03-01
2020-02-28,0.0,0.0,0,0,0.0,0.0,2020-02-24/2020-03-01
2020-02-29,0.0,0.0,0,0,0.0,0.0,2020-02-24/2020-03-01
2020-03-01,0.0,0.0,0,0,0.0,0.0,2020-02-24/2020-03-01
2020-03-02,0.0,0.0,0,0,0.0,0.0,2020-03-02/2020-03-08
2020-03-03,0.0,0.0,0,0,0.0,0.0,2020-03-02/2020-03-08
2020-03-04,0.0,0.0,0,0,0.0,0.0,2020-03-02/2020-03-08
2020-03-05,1.0,0.0,1,0,0.032465888091382386,0.0,2020-03-02/2020-03-08
2020-03-06,2.0,0.0,1,0,0.032465888091382386,0.0,2020-03-02/2020-03-08
2020-03-07,2.0,0.0,0,0,0.0,0.0,2020-03-02/2020-03-08
2020-03-08,4.0,0.0,2,0,0.06493177618276477,0.0,2020-03-02/2020-03-08
2020-03-09,4.0,0.0,0,0,0.0,0.0,2020-03-09/2020-03-15
2020-03-10,7.0,0.0,3,0,0.09739766427414716,0.0,2020-03-09/2020-03-15
2020-03-11,7.0,0.0,0,0,0.0,0.0,2020-03-09/2020-03-15
2020-03-12,11.0,0.0,4,0,0.12986355236552954,0.0,2020-03-09/2020-03-15
2020-03-13,20.0,0.0,9,0,0.2921929928224415,0.0,2020-03-09/2020-03-15
2020-03-14,21.0,0.0,1,0,0.032465888091382386,0.0,2020-03-09/2020-03-15
2020-03-15,26.0,0.0,5,0,0.16232944045691192,0.0,2020-03-09/2020-03-15
2020-03-16,45.0,1.0,19,1,0.6168518737362653,0.032465888091382386,2020-03-16/2020-03-22
2020-03-17,55.0,1.0,10,0,0.32465888091382383,0.0,2020-03-16/2020-03-22
2020-03-18,55.0,1.0,0,0,0.0,0.0,2020-03-16/2020-03-22
2020-03-19,91.0,1.0,36,0,1.168771971289766,0.0,2020-03-16/2020-03-22
2020-03-20,153.0,2.0,62,1,2.012885061665708,0.032465888091382386,2020-03-16/2020-03-22
2020-03-21,158.0,2.0,5,0,0.16232944045691192,0.0,2020-03-16/2020-03-22
2020-03-22,194.0,2.0,36,0,1.168771971289766,0.0,2020-03-16/2020-03-22
2020-03-23,249.0,4.0,55,2,1.7856238450260309,0.06493177618276477,2020-03-23/2020-03-29
2020-03-24,281.0,6.0,32,2,1.0389084189242364,0.06493177618276477,2020-03-23/2020-03-29
2020-03-25,408.0,10.0,127,4,4.123167787605563,0.12986355236552954,2020-03-23/2020-03-29
2020-03-26,536.0,10.0,128,0,4.155633675696945,0.0,2020-03-23/2020-03-29
2020-03-27,520.0,10.0,0,0,-0.5194542094621182,0.0,2020-03-23/2020-03-29
2020-03-28,637.0,14.0,117,4,3.798508906691739,0.12986355236552954,2020-03-23/2020-03-29
2020-03-29,926.0,15.0,289,1,9.38264165840951,0.032465888091382386,2020-03-23/2020-03-29
2020-03-30,1009.0,18.0,83,3,2.694668711584738,0.09739766427414716,2020-03-30/2020-04-05
2020-03-31,1113.0,26.0,104,8,3.376452361503768,0.2597271047310591,2020-03-30/2020-04-05
2020-04-01,1279.0,32.0,166,6,5.389337423169476,0.19479532854829432,2020-03-30/2020-04-05
2020-04-02,1458.0,38.0,179,6,5.8113939683574465,0.19479532854829432,2020-03-30/2020-04-05
2020-04-03,1551.0,43.0,93,5,3.019327592498562,0.16232944045691192,2020-03-30/2020-04-05
2020-04-04,1752.0,46.0,201,3,6.525643506367859,0.09739766427414716,2020-03-30/2020-04-05
2020-04-05,1836.0,46.0,84,0,2.7271345996761203,0.0,2020-03-30/2020-04-05
2020-04-06,1953.0,58.0,117,12,3.798508906691739,0.38959065709658863,2020-04-06/2020-04-12
2020-04-07,2098.0,59.0,145,1,4.707553773250446,0.032465888091382386,2020-04-06/2020-04-12
2020-04-08,2318.0,80.0,220,21,7.1424953801041235,0.6817836499190301,2020-04-06/2020-04-12
2020-04-09,2456.0,85.0,138,5,4.480292556610769,0.16232944045691192,2020-04-06/2020-04-12
2020-04-10,2624.0,102.0,168,17,5.4542691993522405,0.5519200975535006,2020-04-06/2020-04-12
2020-04-11,2624.0,102.0,0,0,0.0,0.0,2020-04-06/2020-04-12
2020-04-12,2624.0,102.0,0,0,0.0,0.0,2020-04-06/2020-04-12
2020-04-13,2624.0,102.0,0,0,0.0,0.0,2020-04-13/2020-04-19
2020-04-14,2624.0,102.0,0,0,0.0,0.0,2020-04-13/2020-04-19
2020-04-15,2624.0,102.0,0,0,0.0,0.0,2020-04-13/2020-04-19
2020-04-16,3324.0,154.0,700,52,22.726121663967668,1.688226180751884,2020-04-13/2020-04-19
2020-04-17,3461.0,158.0,137,4,4.447826668519387,0.12986355236552954,2020-04-13/2020-04-19
2020-04-18,3629.0,168.0,168,10,5.4542691993522405,0.32465888091382383,2020-04-13/2020-04-19
2020-04-19,3727.0,174.0,98,6,3.181657032955474,0.19479532854829432,2020-04-13/2020-04-19
2020-04-20,3815.0,175.0,88,1,2.85699815204165,0.032465888091382386,2020-04-20/2020-04-26
2020-04-21,3945.0,179.0,130,4,4.22056545187971,0.12986355236552954,2020-04-20/2020-04-26
2020-04-22,4092.0,190.0,147,11,4.772485549433211,0.35712476900520623,2020-04-20/2020-04-26
2020-04-23,4225.0,206.0,133,16,4.317963116153857,0.5194542094621182,2020-04-20/2020-04-26
2020-04-24,4373.0,214.0,148,8,4.8049514375245925,0.2597271047310591,2020-04-20/2020-04-26
2020-04-25,4547.0,216.0,174,2,5.649064527900535,0.06493177618276477,2020-04-20/2020-04-26
2020-04-26,4642.0,222.0,95,6,3.0842593686813267,0.19479532854829432,2020-04-20/2020-04-26
2020-04-27,4726.0,223.0,84,1,2.7271345996761203,0.032465888091382386,2020-04-27/2020-05-03
2020-04-28,4802.0,235.0,76,12,2.467407494945061,0.38959065709658863,2020-04-27/2020-05-03
2020-04-29,4951.0,247.0,149,12,4.837417325615975,0.38959065709658863,2020-04-27/2020-05-03
2020-04-30,5040.0,253.0,89,6,2.8894640401330323,0.19479532854829432,2020-04-27/2020-05-03
2020-05-01,5075.0,253.0,35,0,1.1363060831983836,0.0,2020-04-27/2020-05-03
2020-05-02,5407.0,269.0,332,16,10.778674846338951,0.5194542094621182,2020-04-27/2020-05-03
2020-05-03,5490.0,273.0,83,4,2.694668711584738,0.12986355236552954,2020-04-27/2020-05-03
2020-05-04,5490.0,273.0,0,0,0.0,0.0,2020-05-04/2020-05-10
2020-05-05,5528.0,278.0,38,5,1.2337037474725305,0.16232944045691192,2020-05-04/2020-05-10
2020-05-06,5631.0,297.0,103,19,3.3439864734123854,0.6168518737362653,2020-05-04/2020-05-10
2020-05-07,5718.0,305.0,87,8,2.8245322639502675,0.2597271047310591,2020-05-04/2020-05-10
2020-05-08,5721.0,313.0,3,8,0.09739766427414716,0.2597271047310591,2020-05-04/2020-05-10
2020-05-09,6069.0,318.0,348,5,11.29812905580107,0.16232944045691192,2020-05-04/2020-05-10
2020-05-10,6135.0,322.0,66,4,2.142748614031237,0.12986355236552954,2020-05-04/2020-05-10
2020-05-11,6158.0,322.0,23,0,0.7467154261017948,0.0,2020-05-11/2020-05-17
2020-05-12,6300.0,330.0,142,8,4.610156108976299,0.2597271047310591,2020-05-11/2020-05-17
2020-05-13,6494.0,341.0,194,11,6.298382289728183,0.35712476900520623,2020-05-11/2020-05-17
2020-05-14,6593.0,348.0,99,7,3.2141229210468563,0.22726121663967672,2020-05-11/2020-05-17
2020-05-15,6758.0,360.0,165,12,5.356871535078094,0.38959065709658863,2020-05-11/2020-05-17
2020-05-16,6835.0,362.0,77,2,2.4998733830364435,0.06493177618276477,2020-05-11/2020-05-17
2020-05-17,6903.0,365.0,68,3,2.2076803902140023,0.09739766427414716,2020-05-11/2020-05-17
2020-05-18,6903.0,365.0,0,0,0.0,0.0,2020-05-18/2020-05-24
2020-05-19,7153.0,377.0,250,12,8.116472022845596,0.38959065709658863,2020-05-18/2020-05-24
2020-05-20,7153.0,377.0,0,0,0.0,0.0,2020-05-18/2020-05-24
2020-05-21,7493.0,377.0,340,0,11.03840195107001,0.0,2020-05-18/2020-05-24
2020-05-22,7501.0,396.0,8,19,0.2597271047310591,0.6168518737362653,2020-05-18/2020-05-24
2020-05-23,7782.0,406.0,281,10,9.12291455367845,0.32465888091382383,2020-05-18/2020-05-24
2020-05-24,7899.0,408.0,117,2,3.798508906691739,0.06493177618276477,2020-05-18/2020-05-24
2020-05-25,7974.0,410.0,75,2,2.4349416068536787,0.06493177618276477,2020-05-25/2020-05-31
2020-05-26,8076.0,410.0,102,0,3.311520585321003,0.0,2020-05-25/2020-05-31
2020-05-27,8137.0,413.0,61,3,1.9804191735743255,0.09739766427414716,2020-05-25/2020-05-31
2020-05-28,8232.0,421.0,95,8,3.0842593686813267,0.2597271047310591,2020-05-25/2020-05-31
2020-05-29,8370.0,424.0,138,3,4.480292556610769,0.09739766427414716,2020-05-25/2020-05-31
2020-05-30,8515.0,428.0,145,4,4.707553773250446,0.12986355236552954,2020-05-25/2020-05-31
2020-05-31,8612.0,429.0,97,1,3.1491911448640915,0.032465888091382386,2020-05-25/2020-05-31
2020-06-01,8707.0,432.0,95,3,3.0842593686813267,0.09739766427414716,2020-06-01/2020-06-07
2020-06-02,8719.0,433.0,12,1,0.38959065709658863,0.032465888091382386,2020-06-01/2020-06-07
2020-06-03,8873.0,436.0,154,3,4.999746766072887,0.09739766427414716,2020-06-01/2020-06-07
2020-06-04,9129.0,445.0,256,9,8.31126735139389,0.2921929928224415,2020-06-01/2020-06-07
2020-06-05,9279.0,448.0,150,3,4.869883213707357,0.09739766427414716,2020-06-01/2020-06-07
2020-06-06,9506.0,453.0,227,5,7.369756596743802,0.16232944045691192,2020-06-01/2020-06-07
2020-06-07,9647.0,454.0,141,1,4.577690220884916,0.032465888091382386,2020-06-01/2020-06-07
2020-06-08,9784.0,457.0,137,3,4.447826668519387,0.09739766427414716,2020-06-08/2020-06-14
2020-06-09,10039.0,459.0,255,2,8.278801463302507,0.06493177618276477,2020-06-08/2020-06-14
2020-06-10,10155.0,460.0,116,1,3.7660430186003566,0.032465888091382386,2020-06-08/2020-06-14
2020-06-11,10462.0,461.0,307,1,9.967027644054392,0.032465888091382386,2020-06-08/2020-06-14
2020-06-12,10678.0,461.0,216,0,7.012631827738595,0.0,2020-06-08/2020-06-14
2020-06-13,10987.0,462.0,309,1,10.031959420237156,0.032465888091382386,2020-06-08/2020-06-14
2020-06-14,11194.0,463.0,207,1,6.720438834916154,0.032465888091382386,2020-06-08/2020-06-14
2020-06-15,11277.0,464.0,83,1,2.694668711584738,0.032465888091382386,2020-06-15/2020-06-21
2020-06-16,11681.0,466.0,404,2,13.116218788918482,0.06493177618276477,2020-06-15/2020-06-21
2020-06-17,11851.0,472.0,170,6,5.519200975535005,0.19479532854829432,2020-06-15/2020-06-21
2020-06-18,12169.0,475.0,318,3,10.324152413059597,0.09739766427414716,2020-06-15/2020-06-21
2020-06-19,12490.0,478.0,321,3,10.421550077333746,0.09739766427414716,2020-06-15/2020-06-21
2020-06-20,12897.0,485.0,407,7,13.213616453192632,0.22726121663967672,2020-06-15/2020-06-21
2020-06-21,13201.0,487.0,304,2,9.869629979780244,0.06493177618276477,2020-06-15/2020-06-21
2020-06-22,13581.0,490.0,380,3,12.337037474725307,0.09739766427414716,2020-06-22/2020-06-28
2020-06-23,13996.0,492.0,415,2,13.473343557923691,0.06493177618276477,2020-06-22/2020-06-28
2020-06-24,14358.0,494.0,362,2,11.752651489080423,0.06493177618276477,2020-06-22/2020-06-28
2020-06-25,14885.0,495.0,527,1,17.109523024158516,0.032465888091382386,2020-06-22/2020-06-28
2020-06-26,15358.0,498.0,473,3,15.356365067223868,0.09739766427414716,2020-06-22/2020-06-28
2020-06-27,16339.0,500.0,981,2,31.84903621764612,0.06493177618276477,2020-06-22/2020-06-28
2020-06-28,17156.0,500.0,817,0,26.524630570659404,0.0,2020-06-22/2020-06-28
2020-06-29,17894.0,504.0,738,4,23.9598254114402,0.12986355236552954,2020-06-29/2020-07-05
2020-06-30,18456.0,507.0,562,3,18.2458291073569,0.09739766427414716,2020-06-29/2020-07-05
2020-07-01,19101.0,511.0,645,4,20.940497818941637,0.12986355236552954,2020-06-29/2020-07-05
2020-07-02,19732.0,524.0,631,13,20.485975385662286,0.422056545187971,2020-06-29/2020-07-05
2020-07-03,20717.0,528.0,985,4,31.978899770011648,0.12986355236552954,2020-06-29/2020-07-05
2020-07-04,21575.0,530.0,858,2,27.855731982406088,0.06493177618276477,2020-06-29/2020-07-05
2020-07-05,22418.0,534.0,843,4,27.36874366103535,0.12986355236552954,2020-06-29/2020-07-05
2020-07-06,22909.0,537.0,491,3,15.94075105286875,0.09739766427414716,2020-07-06/2020-07-12
2020-07-07,23784.0,548.0,875,11,28.407652079959586,0.35712476900520623,2020-07-06/2020-07-12
2020-07-08,24300.0,553.0,516,5,16.75239825515331,0.16232944045691192,2020-07-06/2020-07-12
2020-07-09,25029.0,574.0,729,21,23.66763241861776,0.6817836499190301,2020-07-06/2020-07-12
2020-07-10,25901.0,579.0,872,5,28.31025441568544,0.16232944045691192,2020-07-06/2020-07-12
2020-07-11,26833.0,589.0,932,10,30.258207701168384,0.32465888091382383,2020-07-06/2020-07-12
2020-07-12,27678.0,593.0,845,4,27.433675437218117,0.12986355236552954,2020-07-06/2020-07-12
2020-07-13,28509.0,593.0,831,0,26.979153003938762,0.0,2020-07-13/2020-07-19
2020-07-14,29613.0,612.0,1104,19,35.842340452886155,0.6168518737362653,2020-07-13/2020-07-19
2020-07-15,30556.0,619.0,943,7,30.61533247017359,0.22726121663967672,2020-07-13/2020-07-19
2020-07-16,31909.0,626.0,1353,7,43.92634658764037,0.22726121663967672,2020-07-13/2020-07-19
2020-07-17,33288.0,637.0,1379,11,44.77045967801631,0.35712476900520623,2020-07-13/2020-07-19
2020-07-18,34472.0,646.0,1184,9,38.43961150019674,0.2921929928224415,2020-07-13/2020-07-19
2020-07-19,35758.0,647.0,1286,1,41.751132085517746,0.032465888091382386,2020-07-13/2020-07-19
2020-07-20,36706.0,648.0,948,1,30.777661910630503,0.032465888091382386,2020-07-20/2020-07-26
2020-07-21,37521.0,676.0,815,28,26.459698794476644,0.9090448665587069,2020-07-20/2020-07-26
2020-07-22,38741.0,704.0,1220,28,39.608383471486505,0.9090448665587069,2020-07-20/2020-07-26
2020-07-23,39913.0,707.0,1172,3,38.05002084310016,0.09739766427414716,2020-07-20/2020-07-26
2020-07-24,40879.0,722.0,966,15,31.36204789627538,0.4869883213707358,2020-07-20/2020-07-26
2020-07-25,41807.0,732.0,928,10,30.128344148802853,0.32465888091382383,2020-07-20/2020-07-26
2020-07-26,42831.0,734.0,1024,2,33.24506940557556,0.06493177618276477,2020-07-20/2020-07-26
2020-07-27,43828.0,739.0,997,5,32.368490427108235,0.16232944045691192,2020-07-27/2020-08-02
2020-07-28,44935.0,739.0,1107,0,35.939738117160296,0.0,2020-07-27/2020-08-02
2020-07-29,45806.0,759.0,871,20,28.277788527594055,0.6493177618276477,2020-07-27/2020-08-02
2020-07-30,46799.0,801.0,993,42,32.23862687474271,1.3635672998380601,2020-07-27/2020-08-02
2020-07-31,48064.0,830.0,1265,29,41.06934843559872,0.9415107546500892,2020-07-27/2020-08-02
2020-08-01,49052.0,832.0,988,2,32.0762974342858,0.06493177618276477,2020-07-27/2020-08-02
2020-08-02,50172.0,832.0,1120,0,36.361794662348274,0.0,2020-07-27/2020-08-02
2020-08-03,51161.0,847.0,989,15,32.10876332237718,0.4869883213707358,2020-08-03/2020-08-09
2020-08-04,52179.0,862.0,1018,15,33.05027407702727,0.4869883213707358,2020-08-03/2020-08-09
2020-08-05,52828.0,890.0,649,28,21.07036137130717,0.9090448665587069,2020-08-03/2020-08-09
2020-08-06,53557.0,899.0,729,9,23.66763241861776,0.2921929928224415,2020-08-03/2020-08-09
2020-08-07,54532.0,919.0,975,20,31.654240889097828,0.6493177618276477,2020-08-03/2020-08-09
2020-08-08,55419.0,949.0,887,30,28.797242737056173,0.9739766427414716,2020-08-03/2020-08-09
2020-08-09,56229.0,957.0,810,8,26.297369354019732,0.2597271047310591,2020-08-03/2020-08-09
2020-08-10,56971.0,963.0,742,6,24.08968896380573,0.19479532854829432,2020-08-10/2020-08-16
2020-08-11,57520.0,980.0,549,17,17.82377256216893,0.5519200975535006,2020-08-10/2020-08-16
2020-08-12,58047.0,995.0,527,15,17.109523024158516,0.4869883213707358,2020-08-10/2020-08-16
2020-08-13,58649.0,1030.0,602,35,19.544464631012197,1.1363060831983836,2020-08-10/2020-08-16
2020-08-14,59749.0,1045.0,1100,15,35.71247690052063,0.4869883213707358,2020-08-10/2020-08-16
2020-08-15,60608.0,1069.0,859,24,27.888197870497468,0.7791813141931773,2020-08-10/2020-08-16
2020-08-16,61305.0,1072.0,697,3,22.628723999693523,0.09739766427414716,2020-08-10/2020-08-16
2020-08-17,61963.0,1072.0,658,0,21.36255436412961,0.0,2020-08-17/2020-08-23
2020-08-18,62622.0,1072.0,659,0,21.39502025222099,0.0,2020-08-17/2020-08-23
2020-08-19,63005.0,1072.0,383,0,12.434435138999453,0.0,2020-08-17/2020-08-23
2020-08-20,63518.0,1171.0,513,99,16.655000590879165,3.2141229210468563,2020-08-17/2020-08-23
2020-08-21,64925.0,1195.0,1407,24,45.67950454457502,0.7791813141931773,2020-08-17/2020-08-23
2020-08-22,65068.0,1197.0,143,2,4.642621997067681,0.06493177618276477,2020-08-17/2020-08-23
2020-08-23,65600.0,1197.0,532,0,17.271852464615428,0.0,2020-08-17/2020-08-23
2020-08-24,66008.0,1200.0,408,3,13.246082341284012,0.09739766427414716,2020-08-24/2020-08-30
2020-08-25,66409.0,1230.0,401,30,13.018821124644337,0.9739766427414716,2020-08-24/2020-08-30
2020-08-26,66658.0,1250.0,249,20,8.084006134754214,0.6493177618276477,2020-08-24/2020-08-30
2020-08-27,67185.0,1250.0,527,0,17.109523024158516,0.0,2020-08-24/2020-08-30
2020-08-28,67841.0,1287.0,656,37,21.297622587946844,1.2012378593811481,2020-08-24/2020-08-30
2020-08-29,68445.0,1301.0,604,14,19.60939640719496,0.45452243327935343,2020-08-24/2020-08-30
2020-08-30,68890.0,1302.0,445,1,14.44732020066516,0.032465888091382386,2020-08-24/2020-08-30
2020-08-31,69176.0,1302.0,286,0,9.285243994135362,0.0,2020-08-31/2020-09-06
2020-09-01,69207.0,1305.0,31,3,1.006442530832854,0.09739766427414716,2020-08-31/2020-09-06
2020-09-02,69845.0,1336.0,638,31,20.71323660230196,1.006442530832854,2020-08-31/2020-09-06
2020-09-03,69845.0,1336.0,0,0,0.0,0.0,2020-08-31/2020-09-06
2020-09-04,70674.0,1373.0,829,37,26.914221227755995,1.2012378593811481,2020-08-31/2020-09-06
2020-09-05,71061.0,1386.0,387,13,12.564298691364982,0.422056545187971,2020-08-31/2020-09-06
2020-09-06,71567.0,1389.0,506,3,16.427739374239486,0.09739766427414716,2020-08-31/2020-09-06
2020-09-07,71914.0,1393.0,347,4,11.265663167709688,0.12986355236552954,2020-09-07/2020-09-13
2020-09-08,72052.0,1393.0,138,0,4.480292556610769,0.0,2020-09-07/2020-09-13
2020-09-09,72200.0,1412.0,148,19,4.8049514375245925,0.6168518737362653,2020-09-07/2020-09-13
2020-09-10,72485.0,1429.0,285,17,9.25277810604398,0.5519200975535006,2020-09-07/2020-09-13
2020-09-11,72738.0,1439.0,253,10,8.213869687119743,0.32465888091382383,2020-09-07/2020-09-13
2020-09-12,73144.0,1449.0,406,10,13.181150565101248,0.32465888091382383,2020-09-07/2020-09-13
2020-09-13,73453.0,1449.0,309,0,10.031959420237156,0.0,2020-09-07/2020-09-13
2020-09-14,73732.0,1456.0,279,7,9.057982777495686,0.22726121663967672,2020-09-14/2020-09-20
2020-09-15,74037.0,1482.0,305,26,9.902095867871626,0.844113090375942,2020-09-14/2020-09-20
2020-09-16,74232.0,1494.0,195,12,6.330848177819565,0.38959065709658863,2020-09-14/2020-09-20
2020-09-17,74576.0,1506.0,344,12,11.16826550343554,0.38959065709658863,2020-09-14/2020-09-20
2020-09-18,75068.0,1524.0,492,18,15.973216940960134,0.584385985644883,2020-09-14/2020-09-20
2020-09-19,75390.0,1528.0,322,4,10.454015965425128,0.12986355236552954,2020-09-14/2020-09-20
2020-09-20,75774.0,1530.0,384,2,12.466901027090836,0.06493177618276477,2020-09-14/2020-09-20
2020-09-21,76005.0,1531.0,231,1,7.499620149109331,0.032465888091382386,2020-09-21/2020-09-27
2020-09-22,76071.0,1531.0,66,0,2.142748614031237,0.0,2020-09-21/2020-09-27
2020-09-23,76266.0,1546.0,195,15,6.330848177819565,0.4869883213707358,2020-09-21/2020-09-27
2020-09-24,77155.0,1564.0,889,18,28.86217451323894,0.584385985644883,2020-09-21/2020-09-27
2020-09-25,77711.0,1573.0,556,9,18.051033778808605,0.2921929928224415,2020-09-21/2020-09-27
2020-09-26,78313.0,1582.0,602,9,19.544464631012197,0.2921929928224415,2020-09-21/2020-09-27
2020-09-27,78683.0,1585.0,370,3,12.012378593811484,0.09739766427414716,2020-09-21/2020-09-27
2020-09-28,79145.0,1585.0,462,0,14.999240298218663,0.0,2020-09-28/2020-10-04
2020-09-29,79546.0,1592.0,401,7,13.018821124644337,0.22726121663967672,2020-09-28/2020-10-04
2020-09-30,79927.0,1600.0,381,8,12.369503362816687,0.2597271047310591,2020-09-28/2020-10-04
2020-10-01,80348.0,1603.0,421,3,13.668138886471985,0.09739766427414716,2020-09-28/2020-10-04
2020-10-02,81116.0,1609.0,768,6,24.933802054181673,0.19479532854829432,2020-09-28/2020-10-04
2020-10-03,81638.0,1620.0,522,11,16.947193583701605,0.35712476900520623,2020-09-28/2020-10-04
2020-10-04,82027.0,1623.0,389,3,12.629230467547746,0.09739766427414716,2020-09-28/2020-10-04
2020-10-05,82363.0,1623.0,336,0,10.908538398704481,0.0,2020-10-05/2020-10-11
2020-10-06,82363.0,1623.0,0,0,0.0,0.0,2020-10-05/2020-10-11
2020-10-07,83269.0,1636.0,906,13,29.41409461079244,0.422056545187971,2020-10-05/2020-10-11
2020-10-08,83735.0,1649.0,466,13,15.129103850584192,0.422056545187971,2020-10-05/2020-10-11
2020-10-09,84502.0,1657.0,767,8,24.901336166090292,0.2597271047310591,2020-10-05/2020-10-11
2020-10-10,85305.0,1659.0,803,2,26.070108137380057,0.06493177618276477,2020-10-05/2020-10-11
2020-10-11,85677.0,1661.0,372,2,12.077310369994247,0.06493177618276477,2020-10-05/2020-10-11
2020-10-12,86240.0,1664.0,563,3,18.27829499544828,0.09739766427414716,2020-10-12/2020-10-18
2020-10-13,86240.0,1664.0,0,0,0.0,0.0,2020-10-12/2020-10-18
2020-10-14,87189.0,1691.0,949,27,30.810127798721883,0.8765789784673244,2020-10-12/2020-10-18
2020-10-15,87968.0,1691.0,779,0,25.29092682318688,0.0,2020-10-12/2020-10-18
2020-10-16,88673.0,1707.0,705,16,22.888451104424583,0.5194542094621182,2020-10-12/2020-10-18
2020-10-17,88673.0,1707.0,0,0,0.0,0.0,2020-10-12/2020-10-18
2020-10-18,90326.0,1711.0,1653,4,53.66611301505508,0.12986355236552954,2020-10-12/2020-10-18
2020-10-19,90809.0,1712.0,483,1,15.68102394813769,0.032465888091382386,2020-10-19/2020-10-25
2020-10-20,91457.0,1727.0,648,15,21.037895483215788,0.4869883213707358,2020-10-19/2020-10-25
2020-10-21,92011.0,1732.0,554,5,17.98610200262584,0.16232944045691192,2020-10-19/2020-10-25
2020-10-22,92790.0,1736.0,779,4,25.29092682318688,0.12986355236552954,2020-10-19/2020-10-25
2020-10-23,93593.0,1738.0,803,2,26.070108137380057,0.06493177618276477,2020-10-19/2020-10-25
2020-10-24,94730.0,1743.0,1137,5,36.91371475990177,0.16232944045691192,2020-10-19/2020-10-25
2020-10-25,95609.0,1748.0,879,5,28.537515632325114,0.16232944045691192,2020-10-19/2020-10-25
2020-10-26,96178.0,1749.0,569,1,18.473090323996576,0.032465888091382386,2020-10-26/2020-11-01
2020-10-27,96901.0,1756.0,723,7,23.472837090069465,0.22726121663967672,2020-10-26/2020-11-01
2020-10-28,97463.0,1766.0,562,10,18.2458291073569,0.32465888091382383,2020-10-26/2020-11-01
2020-10-29,98512.0,1769.0,1049,3,34.056716607860125,0.09739766427414716,2020-10-26/2020-11-01
2020-10-30,99724.0,1777.0,1212,8,39.34865636675545,0.2597271047310591,2020-10-26/2020-11-01
2020-10-31,100701.0,1777.0,977,0,31.71917266528059,0.0,2020-10-26/2020-11-01
2020-11-01,100701.0,1777.0,0,0,0.0,0.0,2020-10-26/2020-11-01
2020-11-02,102032.0,1783.0,1331,6,43.21209704962995,0.19479532854829432,2020-11-02/2020-11-08
2020-11-03,102930.0,1806.0,898,23,29.15436750606138,0.7467154261017948,2020-11-02/2020-11-08
2020-11-04,103984.0,1813.0,1054,7,34.21904604831703,0.22726121663967672,2020-11-02/2020-11-08
2020-11-05,105238.0,1823.0,1254,10,40.71222366659351,0.32465888091382383,2020-11-02/2020-11-08
2020-11-06,106776.0,1843.0,1538,20,49.932535884546105,0.6493177618276477,2020-11-02/2020-11-08
2020-11-07,108586.0,1848.0,1810,5,58.76325744540212,0.16232944045691192,2020-11-02/2020-11-08
2020-11-08,109770.0,1849.0,1184,1,38.43961150019674,0.032465888091382386,2020-11-02/2020-11-08
2020-11-09,110723.0,1850.0,953,1,30.93999135108741,0.032465888091382386,2020-11-09/2020-11-15
2020-11-10,112036.0,1856.0,1313,6,42.627711063985075,0.19479532854829432,2020-11-09/2020-11-15
2020-11-11,113132.0,1874.0,1096,18,35.58261334815509,0.584385985644883,2020-11-09/2020-11-15
2020-11-12,114601.0,1877.0,1469,3,47.692389606240724,0.09739766427414716,2020-11-09/2020-11-15
2020-11-13,116439.0,1890.0,1838,13,59.67230231196082,0.422056545187971,2020-11-09/2020-11-15
2020-11-14,118696.0,1905.0,2257,15,73.27550942225004,0.4869883213707358,2020-11-09/2020-11-15
2020-11-15,119858.0,1906.0,1162,1,37.72536196218633,0.032465888091382386,2020-11-09/2020-11-15
2020-11-16,121421.0,1914.0,1563,8,50.74418308683067,0.2597271047310591,2020-11-16/2020-11-22
2020-11-17,123077.0,1941.0,1656,27,53.76351067932923,0.8765789784673244,2020-11-16/2020-11-22
2020-11-18,124706.0,1944.0,1629,3,52.88693170086191,0.09739766427414716,2020-11-16/2020-11-22
2020-11-19,127077.0,1950.0,2371,6,76.97662066466764,0.19479532854829432,2020-11-16/2020-11-22
2020-11-20,128894.0,1979.0,1817,29,58.990518662041794,0.9415107546500892,2020-11-16/2020-11-22
2020-11-21,130884.0,2007.0,1990,28,64.60711730185095,0.9090448665587069,2020-11-16/2020-11-22
2020-11-22,130884.0,2007.0,0,0,0.0,0.0,2020-11-16/2020-11-22
2020-11-23,135339.0,2018.0,4455,11,144.63553144710852,0.35712476900520623,2020-11-23/2020-11-29
2020-11-24,138179.0,2041.0,2840,23,92.20312217952598,0.7467154261017948,2020-11-23/2020-11-29
2020-11-25,140803.0,2064.0,2624,23,85.19049035178737,0.7467154261017948,2020-11-23/2020-11-29
2020-11-26,140803.0,2064.0,0,0,0.0,0.0,2020-11-23/2020-11-29
2020-11-27,144785.0,2088.0,3982,24,129.27916637988466,0.7791813141931773,2020-11-23/2020-11-29
2020-11-28,147668.0,2112.0,2883,24,93.59915536745542,0.7791813141931773,2020-11-23/2020-11-29
2020-11-29,148808.0,2129.0,1140,17,37.01111242417592,0.5519200975535006,2020-11-23/2020-11-29
2020-11-30,150382.0,2137.0,1574,8,51.10130785583588,0.2597271047310591,2020-11-30/2020-12-06
2020-12-01,153040.0,2160.0,2658,23,86.29433054689437,0.7467154261017948,2020-11-30/2020-12-06
2020-12-02,155107.0,2188.0,2067,28,67.10699068488739,0.9090448665587069,2020-11-30/2020-12-06
2020-12-03,157539.0,2231.0,2432,43,78.95703983824195,1.3960331879294425,2020-11-30/2020-12-06
2020-12-04,160384.0,2254.0,2845,23,92.36545161998289,0.7467154261017948,2020-11-30/2020-12-06
2020-12-05,163523.0,2282.0,3139,28,101.91042271884932,0.9090448665587069,2020-11-30/2020-12-06
2020-12-06,166013.0,2296.0,2490,14,80.84006134754215,0.45452243327935343,2020-11-30/2020-12-06
2020-12-07,168329.0,2300.0,2316,4,75.1909968196416,0.12986355236552954,2020-12-07/2020-12-13
2020-12-08,170962.0,2339.0,2633,39,85.48268334460982,1.266169635563913,2020-12-07/2020-12-13
2020-12-09,173689.0,2364.0,2727,25,88.53447682519976,0.8116472022845596,2020-12-07/2020-12-13
2020-12-10,175870.0,2413.0,2181,49,70.80810192730497,1.590828516477737,2020-12-07/2020-12-13
2020-12-11,177373.0,2455.0,1503,42,48.79622980134772,1.3635672998380601,2020-12-07/2020-12-13
2020-12-12,181017.0,2496.0,3644,41,118.3056962049974,1.3311014117466777,2020-12-07/2020-12-13
2020-12-13,183794.0,2513.0,2777,17,90.15777122976888,0.5519200975535006,2020-12-07/2020-12-13
2020-12-14,186255.0,2522.0,2461,9,79.89855059289205,0.2921929928224415,2020-12-14/2020-12-20
2020-12-15,188486.0,2570.0,2231,48,72.43139633187411,1.5583626283863545,2020-12-14/2020-12-20
2020-12-16,190796.0,2622.0,2310,52,74.99620149109332,1.688226180751884,2020-12-14/2020-12-20
2020-12-17,192948.0,2642.0,2152,20,69.86659117265489,0.6493177618276477,2020-12-14/2020-12-20
2020-12-18,195597.0,2675.0,2649,33,86.00213755407194,1.0713743070156185,2020-12-14/2020-12-20
2020-12-19,198099.0,2718.0,2502,43,81.22965200463872,1.3960331879294425,2020-12-14/2020-12-20
2020-12-20,198099.0,2718.0,0,0,0.0,0.0,2020-12-14/2020-12-20
2020-12-21,202064.0,2752.0,3965,34,128.72724628233115,1.1038401951070012,2020-12-21/2020-12-27
2020-12-22,203140.0,2788.0,1076,36,34.933295586327446,1.168771971289766,2020-12-21/2020-12-27
2020-12-23,206078.0,2835.0,2938,47,95.38477921248145,1.5258967402949721,2020-12-21/2020-12-27
2020-12-24,208264.0,2878.0,2186,43,70.97043136776189,1.3960331879294425,2020-12-21/2020-12-27
2020-12-25,208264.0,2878.0,0,0,0.0,0.0,2020-12-21/2020-12-27
2020-12-26,211666.0,2903.0,3402,25,110.44895128688287,0.8116472022845596,2020-12-21/2020-12-27
2020-12-27,212238.0,2910.0,572,7,18.570487988270724,0.22726121663967672,2020-12-21/2020-12-27
2020-12-28,213634.0,2924.0,1396,14,45.32237977556981,0.45452243327935343,2020-12-28/2021-01-03
2020-12-29,214364.0,2932.0,730,8,23.70009830670914,0.2597271047310591,2020-12-28/2021-01-03
2020-12-30,216077.0,2978.0,1713,46,55.61406630053802,1.4934308522035895,2020-12-28/2021-01-03
2020-12-31,220512.0,3079.0,4435,101,143.98621368528086,3.2790546972296206,2020-12-28/2021-01-03
2021-01-01,222756.0,3097.0,2244,18,72.85345287706207,0.584385985644883,2020-12-28/2021-01-03
2021-01-02,224581.0,3102.0,1825,5,59.250245766772856,0.16232944045691192,2020-12-28/2021-01-03
2021-01-03,227259.0,3133.0,2678,31,86.94364830872203,1.006442530832854,2020-12-28/2021-01-03
2021-01-04,227259.0,3133.0,0,0,0.0,0.0,2021-01-04/2021-01-10
2021-01-05,228640.0,3156.0,1381,23,44.83539145419907,0.7467154261017948,2021-01-04/2021-01-10
2021-01-06,232969.0,3241.0,4329,85,140.54482954759436,2.7596004877675027,2021-01-04/2021-01-10
2021-01-07,236331.0,3279.0,3362,38,109.15031576322757,1.2337037474725305,2021-01-04/2021-01-10
2021-01-08,239160.0,3328.0,2829,49,91.84599741052077,1.590828516477737,2021-01-04/2021-01-10
2021-01-09,241761.0,3380.0,2601,52,84.44377492568559,1.688226180751884,2021-01-04/2021-01-10
2021-01-10,244002.0,3395.0,2241,15,72.75605521278793,0.4869883213707358,2021-01-04/2021-01-10
2021-01-11,245642.0,3428.0,1640,33,53.24405646986711,1.0713743070156185,2021-01-11/2021-01-17
2021-01-12,245642.0,3428.0,0,0,0.0,0.0,2021-01-11/2021-01-17
2021-01-13,248225.0,3474.0,2583,46,83.85938894004069,1.4934308522035895,2021-01-11/2021-01-17
2021-01-14,251447.0,3582.0,3222,108,104.60509143043403,3.5063159138692974,2021-01-11/2021-01-17
2021-01-15,251447.0,3582.0,0,0,0.0,0.0,2021-01-11/2021-01-17
2021-01-16,255331.0,3680.0,3884,98,126.09750934692919,3.181657032955474,2021-01-11/2021-01-17
2021-01-17,256799.0,3697.0,1468,17,47.65992371814934,0.5519200975535006,2021-01-11/2021-01-17
2021-01-18,256799.0,3697.0,0,0,0.0,0.0,2021-01-18/2021-01-24
2021-01-19,259183.0,3709.0,2384,12,77.3986772098556,0.38959065709658863,2021-01-18/2021-01-24
2021-01-20,259183.0,3709.0,0,0,0.0,0.0,2021-01-18/2021-01-24
2021-01-21,261517.0,3825.0,2334,116,75.77538280528648,3.7660430186003566,2021-01-18/2021-01-24
2021-01-22,263330.0,3872.0,1813,47,58.86065510967626,1.5258967402949721,2021-01-18/2021-01-24
2021-01-23,264824.0,3923.0,1494,51,48.504036808525285,1.6557602926605015,2021-01-18/2021-01-24
2021-01-24,265996.0,3935.0,1172,12,38.05002084310016,0.38959065709658863,2021-01-18/2021-01-24
2021-01-25,265996.0,3935.0,0,0,0.0,0.0,2021-01-25/2021-01-31
2021-01-26,267929.0,3996.0,1933,61,62.75656168064216,1.9804191735743255,2021-01-25/2021-01-31
2021-01-27,268945.0,4042.0,1016,46,32.9853423008445,1.4934308522035895,2021-01-25/2021-01-31
2021-01-28,268945.0,4042.0,0,0,0.0,0.0,2021-01-25/2021-01-31
2021-01-29,271328.0,4124.0,2383,82,77.36621132176423,2.6622028234933555,2021-01-25/2021-01-31
2021-01-30,272386.0,4167.0,1058,43,34.34890960068256,1.3960331879294425,2021-01-25/2021-01-31
2021-01-31,273334.0,4173.0,948,6,30.777661910630503,0.19479532854829432,2021-01-25/2021-01-31
2021-02-01,274153.0,4181.0,819,8,26.589562346842172,0.2597271047310591,2021-02-01/2021-02-07
2021-02-02,274153.0,4181.0,0,0,0.0,0.0,2021-02-01/2021-02-07
2021-02-03,275713.0,4275.0,1560,94,50.64678542255652,3.0517934805899443,2021-02-01/2021-02-07
2021-02-04,276594.0,4326.0,881,51,28.60244740850788,1.6557602926605015,2021-02-01/2021-02-07
2021-02-05,277482.0,4365.0,888,39,28.82970862514756,1.266169635563913,2021-02-01/2021-02-07
2021-02-06,277482.0,4365.0,0,0,0.0,0.0,2021-02-01/2021-02-07
2021-02-07,279015.0,4421.0,1533,56,49.7702064440892,1.8180897331174137,2021-02-01/2021-02-07
2021-02-08,279015.0,4421.0,0,0,0.0,0.0,2021-02-08/2021-02-14
2021-02-09,279561.0,4423.0,546,2,17.726374897894782,0.06493177618276477,2021-02-08/2021-02-14
2021-02-10,280102.0,4459.0,541,36,17.56404545743787,1.168771971289766,2021-02-08/2021-02-14
2021-02-11,281338.0,4535.0,1236,76,40.12783768094862,2.467407494945061,2021-02-08/2021-02-14
2021-02-12,281969.0,4561.0,631,26,20.485975385662286,0.844113090375942,2021-02-08/2021-02-14
2021-02-13,282779.0,4592.0,810,31,26.297369354019732,1.006442530832854,2021-02-08/2021-02-14
2021-02-14,282779.0,4592.0,0,0,0.0,0.0,2021-02-08/2021-02-14
2021-02-15,283293.0,4607.0,514,15,16.687466478970546,0.4869883213707358,2021-02-15/2021-02-21
2021-02-16,283950.0,4631.0,657,24,21.330088476038227,0.7791813141931773,2021-02-15/2021-02-21
2021-02-17,283950.0,4631.0,0,0,0.0,0.0,2021-02-15/2021-02-21
2021-02-18,283950.0,4631.0,0,0,0.0,0.0,2021-02-15/2021-02-21
2021-02-19,285205.0,4730.0,1255,99,40.74468955468489,3.2141229210468563,2021-02-15/2021-02-21
2021-02-20,285568.0,4764.0,363,34,11.785117377171805,1.1038401951070012,2021-02-15/2021-02-21
2021-02-21,285869.0,4768.0,301,4,9.772232315506098,0.12986355236552954,2021-02-15/2021-02-21
2021-02-22,285869.0,4768.0,0,0,0.0,0.0,2021-02-22/2021-02-28
2021-02-23,286426.0,4799.0,557,31,18.08349966689999,1.006442530832854,2021-02-22/2021-02-28
2021-02-24,286932.0,4816.0,506,17,16.427739374239486,0.5519200975535006,2021-02-22/2021-02-28
2021-02-25,287495.0,4830.0,563,14,18.27829499544828,0.45452243327935343,2021-02-22/2021-02-28
2021-02-26,287875.0,4839.0,380,9,12.337037474725307,0.2921929928224415,2021-02-22/2021-02-28
2021-02-27,288332.0,4854.0,457,15,14.83691085776175,0.4869883213707358,2021-02-22/2021-02-28
2021-02-28,288597.0,4854.0,265,0,8.603460344216332,0.0,2021-02-22/2021-02-28
2021-03-01,288597.0,4854.0,0,0,0.0,0.0,2021-03-01/2021-03-07
2021-03-02,288597.0,4854.0,0,0,0.0,0.0,2021-03-01/2021-03-07
2021-03-03,289502.0,4883.0,905,29,29.38162872270106,0.9415107546500892,2021-03-01/2021-03-07
2021-03-04,289878.0,4901.0,376,18,12.207173922359777,0.584385985644883,2021-03-01/2021-03-07
2021-03-05,290258.0,4916.0,380,15,12.337037474725307,0.4869883213707358,2021-03-01/2021-03-07
2021-03-06,290746.0,4931.0,488,15,15.843353388594604,0.4869883213707358,2021-03-01/2021-03-07
2021-03-07,290746.0,4931.0,0,0,0.0,0.0,2021-03-01/2021-03-07
2021-03-08,291175.0,4935.0,429,4,13.927865991203044,0.12986355236552954,2021-03-08/2021-03-14
2021-03-09,291594.0,4948.0,419,13,13.603207110289219,0.422056545187971,2021-03-08/2021-03-14
2021-03-10,291912.0,4961.0,318,13,10.324152413059597,0.422056545187971,2021-03-08/2021-03-14
2021-03-11,291912.0,4961.0,0,0,0.0,0.0,2021-03-08/2021-03-14
2021-03-12,293377.0,4991.0,1465,30,47.562526053875196,0.9739766427414716,2021-03-08/2021-03-14
2021-03-13,293377.0,4991.0,0,0,0.0,0.0,2021-03-08/2021-03-14
2021-03-14,294038.0,5011.0,661,20,21.459952028403755,0.6493177618276477,2021-03-08/2021-03-14
2021-03-15,294217.0,5014.0,179,3,5.8113939683574465,0.09739766427414716,2021-03-15/2021-03-21
2021-03-16,294558.0,5028.0,341,14,11.070867839161393,0.45452243327935343,2021-03-15/2021-03-21
2021-03-17,294558.0,5028.0,0,0,0.0,0.0,2021-03-15/2021-03-21
2021-03-18,295147.0,5050.0,589,22,19.122408085824222,0.7142495380104125,2021-03-15/2021-03-21
2021-03-19,295403.0,5054.0,256,4,8.31126735139389,0.12986355236552954,2021-03-15/2021-03-21
2021-03-20,295667.0,5062.0,264,8,8.570994456124948,0.2597271047310591,2021-03-15/2021-03-21
2021-03-21,295667.0,5062.0,0,0,0.0,0.0,2021-03-15/2021-03-21
2021-03-22,296030.0,5064.0,363,2,11.785117377171805,0.06493177618276477,2021-03-22/2021-03-28
2021-03-23,296041.0,5064.0,11,0,0.35712476900520623,0.0,2021-03-22/2021-03-28
2021-03-24,296418.0,5093.0,377,29,12.239639810451157,0.9415107546500892,2021-03-22/2021-03-28
2021-03-25,296763.0,5103.0,345,10,11.200731391526922,0.32465888091382383,2021-03-22/2021-03-28
2021-03-26,297206.0,5115.0,443,12,14.382388424482397,0.38959065709658863,2021-03-22/2021-03-28
2021-03-27,297503.0,5123.0,297,8,9.642368763140569,0.2597271047310591,2021-03-22/2021-03-28
2021-03-28,297646.0,5124.0,143,1,4.642621997067681,0.032465888091382386,2021-03-22/2021-03-28
2021-03-29,297646.0,5124.0,0,0,0.0,0.0,2021-03-29/2021-04-04
2021-03-30,298052.0,5127.0,406,3,13.181150565101248,0.09739766427414716,2021-03-29/2021-04-04
2021-03-31,298328.0,5137.0,276,10,8.960585113221539,0.32465888091382383,2021-03-29/2021-04-04
2021-04-01,298651.0,5144.0,323,7,10.48648185351651,0.22726121663967672,2021-03-29/2021-04-04
2021-04-02,298651.0,5144.0,0,0,0.0,0.0,2021-03-29/2021-04-04
2021-04-03,299440.0,5161.0,789,17,25.6155857041007,0.5519200975535006,2021-03-29/2021-04-04
2021-04-04,299700.0,5161.0,260,0,8.44113090375942,0.0,2021-03-29/2021-04-04
2021-04-05,299866.0,5162.0,166,1,5.389337423169476,0.032465888091382386,2021-04-05/2021-04-11
2021-04-06,305652.0,5298.0,5786,136,187.84762849673848,4.415360780428005,2021-04-05/2021-04-11
2021-04-07,305921.0,5309.0,269,11,8.733323896581862,0.35712476900520623,2021-04-05/2021-04-11
2021-04-08,306373.0,5314.0,452,5,14.67458141730484,0.16232944045691192,2021-04-05/2021-04-11
2021-04-09,306932.0,5323.0,559,9,18.148431443082753,0.2921929928224415,2021-04-05/2021-04-11
2021-04-10,307676.0,5332.0,744,9,24.154620739988495,0.2921929928224415,2021-04-05/2021-04-11
2021-04-11,308024.0,5332.0,348,0,11.29812905580107,0.0,2021-04-05/2021-04-11
2021-04-12,308343.0,5332.0,319,0,10.35661830115098,0.0,2021-04-12/2021-04-18
2021-04-13,308755.0,5339.0,412,7,13.375945893649542,0.22726121663967672,2021-04-12/2021-04-18
2021-04-14,309150.0,5353.0,395,14,12.824025796096043,0.45452243327935343,2021-04-12/2021-04-18
2021-04-15,309699.0,5359.0,549,6,17.82377256216893,0.19479532854829432,2021-04-12/2021-04-18
2021-04-16,310235.0,5365.0,536,6,17.401716016980956,0.19479532854829432,2021-04-12/2021-04-18
2021-04-17,310235.0,5365.0,0,0,0.0,0.0,2021-04-12/2021-04-18
2021-04-18,310235.0,5365.0,0,0,0.0,0.0,2021-04-12/2021-04-18
2021-04-19,310933.0,5368.0,698,3,22.661189887784904,0.09739766427414716,2021-04-19/2021-04-25
2021-04-20,311314.0,5377.0,381,9,12.369503362816687,0.2921929928224415,2021-04-19/2021-04-25
2021-04-21,311750.0,5388.0,436,11,14.15512720784272,0.35712476900520623,2021-04-19/2021-04-25
2021-04-22,312278.0,5400.0,528,12,17.141988912249897,0.38959065709658863,2021-04-19/2021-04-25
2021-04-23,312840.0,5422.0,562,22,18.2458291073569,0.7142495380104125,2021-04-19/2021-04-25
2021-04-24,312840.0,5422.0,0,0,0.0,0.0,2021-04-19/2021-04-25
2021-04-25,312840.0,5422.0,0,0,0.0,0.0,2021-04-19/2021-04-25
2021-04-26,313680.0,5433.0,840,11,27.2713459967612,0.35712476900520623,2021-04-26/2021-05-02
2021-04-27,314085.0,5444.0,405,11,13.148684677009866,0.35712476900520623,2021-04-26/2021-05-02
2021-04-28,314475.0,5448.0,390,4,12.66169635563913,0.12986355236552954,2021-04-26/2021-05-02
2021-04-29,314928.0,5459.0,453,11,14.70704730539622,0.35712476900520623,2021-04-26/2021-05-02
2021-04-30,315438.0,5464.0,510,5,16.557602926605014,0.16232944045691192,2021-04-26/2021-05-02
2021-05-01,315438.0,5464.0,0,0,0.0,0.0,2021-04-26/2021-05-02
2021-05-02,315438.0,5464.0,0,0,0.0,0.0,2021-04-26/2021-05-02
2021-05-03,316239.0,5473.0,801,9,26.00517636119729,0.2921929928224415,2021-05-03/2021-05-09
2021-05-04,316715.0,5480.0,476,7,15.453762731498015,0.22726121663967672,2021-05-03/2021-05-09
2021-05-05,317088.0,5487.0,373,7,12.10977625808563,0.22726121663967672,2021-05-03/2021-05-09
2021-05-06,317482.0,5490.0,394,3,12.79155990800466,0.09739766427414716,2021-05-03/2021-05-09
2021-05-07,317980.0,5498.0,498,8,16.168012269508427,0.2597271047310591,2021-05-03/2021-05-09
2021-05-08,317980.0,5498.0,0,0,0.0,0.0,2021-05-03/2021-05-09
2021-05-09,317980.0,5498.0,0,0,0.0,0.0,2021-05-03/2021-05-09
2021-05-10,318780.0,5506.0,800,8,25.972710473105906,0.2597271047310591,2021-05-10/2021-05-16
2021-05-11,319250.0,5509.0,470,3,15.258967402949722,0.09739766427414716,2021-05-10/2021-05-16
2021-05-12,319714.0,5515.0,464,6,15.064172074401426,0.19479532854829432,2021-05-10/2021-05-16
2021-05-13,320150.0,5523.0,436,8,14.15512720784272,0.2597271047310591,2021-05-10/2021-05-16
2021-05-14,320539.0,5530.0,389,7,12.629230467547746,0.22726121663967672,2021-05-10/2021-05-16
2021-05-15,320539.0,5530.0,0,0,0.0,0.0,2021-05-10/2021-05-16
2021-05-16,320539.0,5530.0,0,0,0.0,0.0,2021-05-10/2021-05-16
2021-05-17,321081.0,5533.0,542,3,17.596511345529255,0.09739766427414716,2021-05-17/2021-05-23
2021-05-18,321368.0,5540.0,287,7,9.317709882226744,0.22726121663967672,2021-05-17/2021-05-23
2021-05-19,321716.0,5545.0,348,5,11.29812905580107,0.16232944045691192,2021-05-17/2021-05-23
2021-05-20,322018.0,5550.0,302,5,9.80469820359748,0.16232944045691192,2021-05-17/2021-05-23
2021-05-21,322352.0,5552.0,334,2,10.843606622521717,0.06493177618276477,2021-05-17/2021-05-23
2021-05-22,322352.0,5552.0,0,0,0.0,0.0,2021-05-17/2021-05-23
2021-05-23,322352.0,5552.0,0,0,0.0,0.0,2021-05-17/2021-05-23
2021-05-24,322757.0,5559.0,405,7,13.148684677009866,0.22726121663967672,2021-05-24/2021-05-30
2021-05-25,323022.0,5563.0,265,4,8.603460344216332,0.12986355236552954,2021-05-24/2021-05-30
2021-05-26,323249.0,5570.0,227,7,7.369756596743802,0.22726121663967672,2021-05-24/2021-05-30
2021-05-27,323481.0,5578.0,232,8,7.532086037200713,0.2597271047310591,2021-05-24/2021-05-30
2021-05-28,323748.0,5586.0,267,8,8.668392120399096,0.2597271047310591,2021-05-24/2021-05-30
2021-05-29,323748.0,5586.0,0,0,0.0,0.0,2021-05-24/2021-05-30
2021-05-30,323748.0,5586.0,0,0,0.0,0.0,2021-05-24/2021-05-30
2021-05-31,323748.0,5586.0,0,0,0.0,0.0,2021-05-31/2021-06-06
2021-06-01,324262.0,5590.0,514,4,16.687466478970546,0.12986355236552954,2021-05-31/2021-06-06
2021-06-02,324681.0,5593.0,419,3,13.603207110289219,0.09739766427414716,2021-05-31/2021-06-06
2021-06-03,325031.0,5599.0,350,6,11.363060831983834,0.19479532854829432,2021-05-31/2021-06-06
2021-06-04,325392.0,5600.0,361,1,11.72018560098904,0.032465888091382386,2021-05-31/2021-06-06
2021-06-05,325392.0,5600.0,0,0,0.0,0.0,2021-05-31/2021-06-06
2021-06-06,325392.0,5600.0,0,0,0.0,0.0,2021-05-31/2021-06-06
2021-06-07,326019.0,5607.0,627,7,20.356111833296755,0.22726121663967672,2021-06-07/2021-06-13
2021-06-08,326366.0,5610.0,347,3,11.265663167709688,0.09739766427414716,2021-06-07/2021-06-13
2021-06-09,326583.0,5617.0,217,7,7.045097715829977,0.22726121663967672,2021-06-07/2021-06-13
2021-06-10,326878.0,5621.0,295,4,9.577436986957803,0.12986355236552954,2021-06-07/2021-06-13
2021-06-11,327140.0,5622.0,262,1,8.506062679942184,0.032465888091382386,2021-06-07/2021-06-13
2021-06-12,327140.0,5622.0,0,0,0.0,0.0,2021-06-07/2021-06-13
2021-06-13,327140.0,5622.0,0,0,0.0,0.0,2021-06-07/2021-06-13
2021-06-14,327579.0,5626.0,439,4,14.252524872116867,0.12986355236552954,2021-06-14/2021-06-20
2021-06-15,327831.0,5631.0,252,5,8.181403799028361,0.16232944045691192,2021-06-14/2021-06-20
2021-06-16,328194.0,5635.0,363,4,11.785117377171805,0.12986355236552954,2021-06-14/2021-06-20
2021-06-17,328490.0,5642.0,296,7,9.609902875049185,0.22726121663967672,2021-06-14/2021-06-20
2021-06-18,328875.0,5649.0,385,7,12.499366915182216,0.22726121663967672,2021-06-14/2021-06-20
2021-06-19,328875.0,5649.0,0,0,0.0,0.0,2021-06-14/2021-06-20
2021-06-20,328875.0,5649.0,0,0,0.0,0.0,2021-06-14/2021-06-20
2021-06-21,329515.0,5646.0,640,-3,20.778168378484725,-0.09739766427414716,2021-06-21/2021-06-27
2021-06-22,329915.0,5653.0,400,7,12.986355236552953,0.22726121663967672,2021-06-21/2021-06-27
2021-06-23,330362.0,5654.0,447,1,14.512251976847926,0.032465888091382386,2021-06-21/2021-06-27
2021-06-24,330810.0,5664.0,448,10,14.54471786493931,0.32465888091382383,2021-06-21/2021-06-27
2021-06-25,331614.0,5667.0,804,3,26.102574025471437,0.09739766427414716,2021-06-21/2021-06-27
2021-06-26,331614.0,5667.0,0,0,0.0,0.0,2021-06-21/2021-06-27
2021-06-27,331614.0,5667.0,0,0,0.0,0.0,2021-06-21/2021-06-27
2021-06-28,332529.0,5670.0,915,3,29.70628760361488,0.09739766427414716,2021-06-28/2021-07-04
2021-06-29,333154.0,5678.0,625,8,20.29118005711399,0.2597271047310591,2021-06-28/2021-07-04
2021-06-30,333712.0,5681.0,558,3,18.115965554991373,0.09739766427414716,2021-06-28/2021-07-04
2021-07-01,334255.0,5692.0,543,11,17.628977233620635,0.35712476900520623,2021-06-28/2021-07-04
2021-07-02,334763.0,5697.0,508,5,16.49267115042225,0.16232944045691192,2021-06-28/2021-07-04
2021-07-03,334763.0,5697.0,0,0,0.0,0.0,2021-06-28/2021-07-04
2021-07-04,334763.0,5697.0,0,0,0.0,0.0,2021-06-28/2021-07-04
2021-07-05,334763.0,5697.0,0,0,0.0,0.0,2021-07-05/2021-07-11
2021-07-06,336109.0,5702.0,1346,5,43.699085371000685,0.16232944045691192,2021-07-05/2021-07-11
2021-07-07,336562.0,5705.0,453,3,14.70704730539622,0.09739766427414716,2021-07-05/2021-07-11
2021-07-08,337259.0,5707.0,697,2,22.628723999693523,0.06493177618276477,2021-07-05/2021-07-11
2021-07-09,338072.0,5720.0,813,13,26.394767018293877,0.422056545187971,2021-07-05/2021-07-11
2021-07-10,338072.0,5720.0,0,0,0.0,0.0,2021-07-05/2021-07-11
2021-07-11,338072.0,5720.0,0,0,0.0,0.0,2021-07-05/2021-07-11
2021-07-12,339745.0,5730.0,1673,10,54.31543077688273,0.32465888091382383,2021-07-12/2021-07-18
2021-07-13,340600.0,5731.0,855,1,27.75833431813194,0.032465888091382386,2021-07-12/2021-07-18
2021-07-14,341292.0,5737.0,692,6,22.46639455923661,0.19479532854829432,2021-07-12/2021-07-18
2021-07-15,342230.0,5752.0,938,15,30.453003029716676,0.4869883213707358,2021-07-12/2021-07-18
2021-07-16,343096.0,5758.0,866,6,28.115459087137147,0.19479532854829432,2021-07-12/2021-07-18
2021-07-17,343096.0,5758.0,0,0,0.0,0.0,2021-07-12/2021-07-18
2021-07-18,343096.0,5758.0,0,0,0.0,0.0,2021-07-12/2021-07-18
2021-07-19,345163.0,5761.0,2067,3,67.10699068488739,0.09739766427414716,2021-07-19/2021-07-25
2021-07-20,346167.0,5761.0,1004,0,32.59575164374791,0.0,2021-07-19/2021-07-25
2021-07-21,347098.0,5789.0,931,28,30.225741813076997,0.9090448665587069,2021-07-19/2021-07-25
2021-07-22,348040.0,5797.0,942,8,30.582866582082204,0.2597271047310591,2021-07-19/2021-07-25
2021-07-23,349043.0,5817.0,1003,20,32.56328575565653,0.6493177618276477,2021-07-19/2021-07-25
2021-07-24,349043.0,5817.0,0,0,0.0,0.0,2021-07-19/2021-07-25
2021-07-25,349043.0,5817.0,0,0,0.0,0.0,2021-07-19/2021-07-25
2021-07-26,351443.0,5837.0,2400,20,77.91813141931772,0.6493177618276477,2021-07-26/2021-08-01
2021-07-27,352567.0,5854.0,1124,17,36.4916582147138,0.5519200975535006,2021-07-26/2021-08-01
2021-07-28,353746.0,5874.0,1179,20,38.27728205973983,0.6493177618276477,2021-07-26/2021-08-01
2021-07-29,355091.0,5900.0,1345,26,43.666619482909304,0.844113090375942,2021-07-26/2021-08-01
2021-07-30,356401.0,5912.0,1310,12,42.53031339971092,0.38959065709658863,2021-07-26/2021-08-01
2021-07-31,356401.0,5912.0,0,0,0.0,0.0,2021-07-26/2021-08-01
2021-08-01,356401.0,5912.0,0,0,0.0,0.0,2021-07-26/2021-08-01
2021-08-02,358932.0,5918.0,2531,6,82.17116275928882,0.19479532854829432,2021-08-02/2021-08-08
2021-08-03,360147.0,5929.0,1215,11,39.4460540310296,0.35712476900520623,2021-08-02/2021-08-08
2021-08-04,361140.0,5953.0,993,24,32.23862687474271,0.7791813141931773,2021-08-02/2021-08-08
2021-08-05,362275.0,5979.0,1135,26,36.84878298371901,0.844113090375942,2021-08-02/2021-08-08
2021-08-06,363574.0,6005.0,1299,26,42.17318863070572,0.844113090375942,2021-08-02/2021-08-08
2021-08-07,363574.0,6005.0,0,0,0.0,0.0,2021-08-02/2021-08-08
2021-08-08,363574.0,6005.0,0,0,0.0,0.0,2021-08-02/2021-08-08
2021-08-09,366584.0,6040.0,3010,35,97.72232315506098,1.1363060831983836,2021-08-09/2021-08-15
2021-08-10,367709.0,6080.0,1125,40,36.52412410280518,1.2986355236552953,2021-08-09/2021-08-15
2021-08-11,368625.0,6096.0,916,16,29.738753491706266,0.5194542094621182,2021-08-09/2021-08-15
2021-08-12,369846.0,6120.0,1221,24,39.64084935957789,0.7791813141931773,2021-08-09/2021-08-15
2021-08-13,371126.0,6160.0,1280,40,41.55633675696945,1.2986355236552953,2021-08-09/2021-08-15
2021-08-14,371126.0,6160.0,0,0,0.0,0.0,2021-08-09/2021-08-15
2021-08-15,371126.0,6160.0,0,0,0.0,0.0,2021-08-09/2021-08-15
2021-08-16,373649.0,6190.0,2523,30,81.91143565455776,0.9739766427414716,2021-08-16/2021-08-22
2021-08-17,374651.0,6223.0,1002,33,32.53081986756515,1.0713743070156185,2021-08-16/2021-08-22
2021-08-18,376080.0,6248.0,1429,25,46.39375408258543,0.8116472022845596,2021-08-16/2021-08-22
2021-08-19,377493.0,6259.0,1413,11,45.874299873123306,0.35712476900520623,2021-08-16/2021-08-22
2021-08-20,378700.0,6280.0,1207,21,39.18632692629854,0.6817836499190301,2021-08-16/2021-08-22
2021-08-21,378700.0,6280.0,0,0,0.0,0.0,2021-08-16/2021-08-22
2021-08-22,378700.0,6280.0,0,0,0.0,0.0,2021-08-16/2021-08-22
2021-08-23,381766.0,6306.0,3066,26,99.5404128881784,0.844113090375942,2021-08-23/2021-08-29
2021-08-24,382773.0,6352.0,1007,46,32.693149308022065,1.4934308522035895,2021-08-23/2021-08-29
2021-08-25,384135.0,6376.0,1362,24,44.2185395804628,0.7791813141931773,2021-08-23/2021-08-29
2021-08-26,385272.0,6398.0,1137,22,36.91371475990177,0.7142495380104125,2021-08-23/2021-08-29
2021-08-27,386559.0,6433.0,1287,35,41.783597973609126,1.1363060831983836,2021-08-23/2021-08-29
2021-08-28,386559.0,6433.0,0,0,0.0,0.0,2021-08-23/2021-08-29
2021-08-29,386559.0,6433.0,0,0,0.0,0.0,2021-08-23/2021-08-29
2021-08-30,389358.0,6479.0,2799,46,90.87202076777929,1.4934308522035895,2021-08-30/2021-09-05
2021-08-31,390600.0,6510.0,1242,31,40.322633009496926,1.006442530832854,2021-08-30/2021-09-05
2021-09-01,392052.0,6539.0,1452,29,47.14046950868722,0.9415107546500892,2021-08-30/2021-09-05
2021-09-02,393188.0,6565.0,1136,26,36.88124887181039,0.844113090375942,2021-08-30/2021-09-05
2021-09-03,394595.0,6583.0,1407,18,45.67950454457502,0.584385985644883,2021-08-30/2021-09-05
2021-09-04,394595.0,6583.0,0,0,0.0,0.0,2021-08-30/2021-09-05
2021-09-05,394595.0,6583.0,0,0,0.0,0.0,2021-08-30/2021-09-05
2021-09-06,394595.0,6583.0,0,0,0.0,0.0,2021-09-06/2021-09-12
2021-09-07,397788.0,6604.0,3193,21,103.66358067578395,0.6817836499190301,2021-09-06/2021-09-12
2021-09-08,399234.0,6637.0,1446,33,46.94567418013893,1.0713743070156185,2021-09-06/2021-09-12
2021-09-09,400349.0,6681.0,1115,44,36.19946522189136,1.428499076020825,2021-09-06/2021-09-12
2021-09-10,401901.0,6702.0,1552,21,50.38705831782546,0.6817836499190301,2021-09-06/2021-09-12
2021-09-11,401901.0,6702.0,0,0,0.0,0.0,2021-09-06/2021-09-12
2021-09-12,401901.0,6702.0,0,0,0.0,0.0,2021-09-06/2021-09-12
2021-09-13,404851.0,6728.0,2950,26,95.77436986957804,0.844113090375942,2021-09-13/2021-09-19
2021-09-14,406212.0,6763.0,1361,35,44.18607369237142,1.1363060831983836,2021-09-13/2021-09-19
2021-09-15,407258.0,6789.0,1046,26,33.95931894358598,0.844113090375942,2021-09-13/2021-09-19
2021-09-16,408733.0,6821.0,1475,32,47.88718493478902,1.0389084189242364,2021-09-13/2021-09-19
2021-09-17,410104.0,6845.0,1371,24,44.51073257328525,0.7791813141931773,2021-09-13/2021-09-19
2021-09-18,410104.0,6845.0,0,0,0.0,0.0,2021-09-13/2021-09-19
2021-09-19,410104.0,6845.0,0,0,0.0,0.0,2021-09-13/2021-09-19
2021-09-20,412317.0,6880.0,2213,35,71.84701034622921,1.1363060831983836,2021-09-20/2021-09-26
2021-09-21,413547.0,6918.0,1230,38,39.933042352400335,1.2337037474725305,2021-09-20/2021-09-26
2021-09-22,414371.0,6948.0,824,30,26.751891787299083,0.9739766427414716,2021-09-20/2021-09-26
2021-09-23,415424.0,6983.0,1053,35,34.18658016022565,1.1363060831983836,2021-09-20/2021-09-26
2021-09-24,416496.0,7015.0,1072,32,34.80343203396191,1.0389084189242364,2021-09-20/2021-09-26
2021-09-25,416496.0,7015.0,0,0,0.0,0.0,2021-09-20/2021-09-26
2021-09-26,416496.0,7015.0,0,0,0.0,0.0,2021-09-20/2021-09-26
2021-09-27,418477.0,7045.0,1981,30,64.31492430902851,0.9739766427414716,2021-09-27/2021-10-03
2021-09-28,419379.0,7073.0,902,28,29.28423105842691,0.9090448665587069,2021-09-27/2021-10-03
2021-09-29,420179.0,7107.0,800,34,25.972710473105906,1.1038401951070012,2021-09-27/2021-10-03
2021-09-30,421319.0,7150.0,1140,43,37.01111242417592,1.3960331879294425,2021-09-27/2021-10-03
2021-10-01,422329.0,7166.0,1010,16,32.79054697229621,0.5194542094621182,2021-09-27/2021-10-03
2021-10-02,422329.0,7166.0,0,0,0.0,0.0,2021-09-27/2021-10-03
2021-10-03,422329.0,7166.0,0,0,0.0,0.0,2021-09-27/2021-10-03
2021-10-04,433749.0,7188.0,11420,22,370.76044200358683,0.7142495380104125,2021-10-04/2021-10-10
2021-10-05,434016.0,7221.0,267,33,8.668392120399096,1.0713743070156185,2021-10-04/2021-10-10
2021-10-06,434754.0,7246.0,738,25,23.9598254114402,0.8116472022845596,2021-10-04/2021-10-10
2021-10-07,434754.0,7246.0,0,0,0.0,0.0,2021-10-04/2021-10-10
2021-10-08,436244.0,7285.0,1490,39,48.37417325615975,1.266169635563913,2021-10-04/2021-10-10
2021-10-09,436244.0,7285.0,0,0,0.0,0.0,2021-10-04/2021-10-10
2021-10-10,436244.0,7285.0,0,0,0.0,0.0,2021-10-04/2021-10-10
2021-10-11,438093.0,7315.0,1849,30,60.02942708096603,0.9739766427414716,2021-10-11/2021-10-17
2021-10-12,439065.0,7345.0,972,30,31.556843224823677,0.9739766427414716,2021-10-11/2021-10-17
2021-10-13,439793.0,7367.0,728,22,23.635166530526377,0.7142495380104125,2021-10-11/2021-10-17
2021-10-14,440500.0,7412.0,707,45,22.953382880607347,1.4609649641122073,2021-10-11/2021-10-17
2021-10-15,441021.0,7422.0,521,10,16.914727695610225,0.32465888091382383,2021-10-11/2021-10-17
2021-10-16,441021.0,7422.0,0,0,0.0,0.0,2021-10-11/2021-10-17
2021-10-17,441021.0,7422.0,0,0,0.0,0.0,2021-10-11/2021-10-17
2021-10-18,442420.0,7451.0,1399,29,45.419777439843955,0.9415107546500892,2021-10-18/2021-10-24
2021-10-19,443420.0,7466.0,1000,15,32.46588809138238,0.4869883213707358,2021-10-18/2021-10-24
2021-10-20,444136.0,7484.0,716,18,23.245575873429786,0.584385985644883,2021-10-18/2021-10-24
2021-10-21,444136.0,7484.0,0,0,0.0,0.0,2021-10-18/2021-10-24
2021-10-22,445677.0,7523.0,1541,39,50.02993354882026,1.266169635563913,2021-10-18/2021-10-24
2021-10-23,445677.0,7523.0,0,0,0.0,0.0,2021-10-18/2021-10-24
2021-10-24,445677.0,7523.0,0,0,0.0,0.0,2021-10-18/2021-10-24
2021-10-25,447173.0,7547.0,1496,24,48.56896858470805,0.7791813141931773,2021-10-25/2021-10-31
2021-10-26,447897.0,7577.0,724,30,23.505302978160845,0.9739766427414716,2021-10-25/2021-10-31
2021-10-27,448636.0,7600.0,739,23,23.992291299531583,0.7467154261017948,2021-10-25/2021-10-31
2021-10-28,449322.0,7631.0,686,31,22.271599230688317,1.006442530832854,2021-10-25/2021-10-31
2021-10-29,449322.0,7631.0,0,0,0.0,0.0,2021-10-25/2021-10-31
2021-10-30,449322.0,7631.0,0,0,0.0,0.0,2021-10-25/2021-10-31
2021-10-31,449322.0,7631.0,0,0,0.0,0.0,2021-10-25/2021-10-31
2021-11-01,451500.0,7656.0,2178,25,70.71070426303083,0.8116472022845596,2021-11-01/2021-11-07
2021-11-02,452450.0,7668.0,950,12,30.842593686813263,0.38959065709658863,2021-11-01/2021-11-07
2021-11-03,453297.0,7677.0,847,9,27.49860721340088,0.2921929928224415,2021-11-01/2021-11-07
2021-11-04,454319.0,7692.0,1022,15,33.180137629392796,0.4869883213707358,2021-11-01/2021-11-07
2021-11-05,455163.0,7713.0,844,21,27.40120954912673,0.6817836499190301,2021-11-01/2021-11-07
2021-11-06,455163.0,7713.0,0,0,0.0,0.0,2021-11-01/2021-11-07
2021-11-07,455163.0,7713.0,0,0,0.0,0.0,2021-11-01/2021-11-07
2021-11-08,457039.0,7759.0,1876,46,60.90600605943335,1.4934308522035895,2021-11-08/2021-11-14
2021-11-09,457834.0,7778.0,795,19,25.810381032648998,0.6168518737362653,2021-11-08/2021-11-14
2021-11-10,458491.0,7797.0,657,19,21.330088476038227,0.6168518737362653,2021-11-08/2021-11-14
2021-11-11,458491.0,7797.0,0,0,0.0,0.0,2021-11-08/2021-11-14
2021-11-12,459878.0,7809.0,1387,12,45.03018678274737,0.38959065709658863,2021-11-08/2021-11-14
2021-11-13,459878.0,7809.0,0,0,0.0,0.0,2021-11-08/2021-11-14
2021-11-14,459878.0,7809.0,0,0,0.0,0.0,2021-11-08/2021-11-14
2021-11-15,461616.0,7845.0,1738,36,56.42571350282259,1.168771971289766,2021-11-15/2021-11-21
2021-11-16,462535.0,7873.0,919,28,29.83615115598041,0.9090448665587069,2021-11-15/2021-11-21
2021-11-17,463265.0,7884.0,730,11,23.70009830670914,0.35712476900520623,2021-11-15/2021-11-21
2021-11-18,463976.0,7900.0,711,16,23.083246432972878,0.5194542094621182,2021-11-15/2021-11-21
2021-11-19,464633.0,7919.0,657,19,21.330088476038227,0.6168518737362653,2021-11-15/2021-11-21
2021-11-20,464633.0,7919.0,0,0,0.0,0.0,2021-11-15/2021-11-21
2021-11-21,464633.0,7919.0,0,0,0.0,0.0,2021-11-15/2021-11-21
2021-11-22,466400.0,7931.0,1767,12,57.36722425747267,0.38959065709658863,2021-11-22/2021-11-28
2021-11-23,467061.0,7954.0,661,23,21.459952028403755,0.7467154261017948,2021-11-22/2021-11-28
2021-11-24,467774.0,7973.0,713,19,23.148178209155642,0.6168518737362653,2021-11-22/2021-11-28
2021-11-25,467774.0,7973.0,0,0,0.0,0.0,2021-11-22/2021-11-28
2021-11-26,467774.0,7973.0,0,0,0.0,0.0,2021-11-22/2021-11-28
2021-11-27,467774.0,7973.0,0,0,0.0,0.0,2021-11-22/2021-11-28
2021-11-28,467774.0,7973.0,0,0,0.0,0.0,2021-11-22/2021-11-28
2021-11-29,469743.0,7985.0,1969,12,63.925333651931915,0.38959065709658863,2021-11-29/2021-12-05
2021-11-30,470641.0,8017.0,898,32,29.15436750606138,1.0389084189242364,2021-11-29/2021-12-05
2021-12-01,471484.0,8032.0,843,15,27.36874366103535,0.4869883213707358,2021-11-29/2021-12-05
2021-12-02,472416.0,8050.0,932,18,30.258207701168384,0.584385985644883,2021-11-29/2021-12-05
2021-12-03,473150.0,8070.0,734,20,23.82996185907467,0.6493177618276477,2021-11-29/2021-12-05
2021-12-04,473150.0,8070.0,0,0,0.0,0.0,2021-11-29/2021-12-05
2021-12-05,473150.0,8070.0,0,0,0.0,0.0,2021-11-29/2021-12-05
2021-12-06,474754.0,8110.0,1604,40,52.075284498577346,1.2986355236552953,2021-12-06/2021-12-12
2021-12-07,475460.0,8126.0,706,16,22.920916992515963,0.5194542094621182,2021-12-06/2021-12-12
2021-12-08,476196.0,8146.0,736,20,23.894893635257432,0.6493177618276477,2021-12-06/2021-12-12
2021-12-09,477407.0,8153.0,1211,7,39.31619047866407,0.22726121663967672,2021-12-06/2021-12-12
2021-12-10,478082.0,8189.0,675,36,21.91447446168311,1.168771971289766,2021-12-06/2021-12-12
2021-12-11,478082.0,8189.0,0,0,0.0,0.0,2021-12-06/2021-12-12
2021-12-12,478082.0,8189.0,0,0,0.0,0.0,2021-12-06/2021-12-12
2021-12-13,479762.0,8201.0,1680,12,54.5426919935224,0.38959065709658863,2021-12-13/2021-12-19
2021-12-14,480615.0,8227.0,853,26,27.693402541949176,0.844113090375942,2021-12-13/2021-12-19
2021-12-15,481301.0,8244.0,686,17,22.271599230688317,0.5519200975535006,2021-12-13/2021-12-19
2021-12-16,482138.0,8263.0,837,19,27.173948332487054,0.6168518737362653,2021-12-13/2021-12-19
2021-12-17,483286.0,8278.0,1148,15,37.270839528906976,0.4869883213707358,2021-12-13/2021-12-19
2021-12-18,483286.0,8278.0,0,0,0.0,0.0,2021-12-13/2021-12-19
2021-12-19,483286.0,8278.0,0,0,0.0,0.0,2021-12-13/2021-12-19
2021-12-20,485401.0,8311.0,2115,33,68.66535331327374,1.0713743070156185,2021-12-20/2021-12-26
2021-12-21,486671.0,8339.0,1270,28,41.23167787605563,0.9090448665587069,2021-12-20/2021-12-26
2021-12-22,487836.0,8354.0,1165,15,37.822759626460474,0.4869883213707358,2021-12-20/2021-12-26
2021-12-23,489279.0,8364.0,1443,10,46.84827651586478,0.32465888091382383,2021-12-20/2021-12-26
2021-12-24,489279.0,8364.0,0,0,0.0,0.0,2021-12-20/2021-12-26
2021-12-25,489279.0,8364.0,0,0,0.0,0.0,2021-12-20/2021-12-26
2021-12-26,489279.0,8364.0,0,0,0.0,0.0,2021-12-20/2021-12-26
2021-12-27,493378.0,8367.0,4099,3,133.0776752865764,0.09739766427414716,2021-12-27/2022-01-02
2021-12-28,495183.0,8392.0,1805,25,58.6009280049452,0.8116472022845596,2021-12-27/2022-01-02
2021-12-29,497964.0,8407.0,2781,15,90.28763478213442,0.4869883213707358,2021-12-27/2022-01-02
2021-12-30,501181.0,8420.0,3217,13,104.44276198997714,0.422056545187971,2021-12-27/2022-01-02
2021-12-31,501181.0,8420.0,0,0,0.0,0.0,2021-12-27/2022-01-02
2022-01-01,501181.0,8420.0,0,0,0.0,0.0,2021-12-27/2022-01-02
2022-01-02,501181.0,8420.0,0,0,0.0,0.0,2021-12-27/2022-01-02
2022-01-03,514344.0,8428.0,13163,8,427.34848494686634,0.2597271047310591,2022-01-03/2022-01-09
2022-01-04,517246.0,8468.0,2902,40,94.21600724119168,1.2986355236552953,2022-01-03/2022-01-09
2022-01-05,520948.0,8488.0,3702,20,120.18871771429758,0.6493177618276477,2022-01-03/2022-01-09
2022-01-06,523627.0,8506.0,2679,18,86.97611419681341,0.584385985644883,2022-01-03/2022-01-09
2022-01-07,528892.0,8510.0,5265,4,170.93290080112826,0.12986355236552954,2022-01-03/2022-01-09
2022-01-08,528892.0,8510.0,0,0,0.0,0.0,2022-01-03/2022-01-09
2022-01-09,528892.0,8510.0,0,0,0.0,0.0,2022-01-03/2022-01-09
2022-01-10,546842.0,8528.0,17950,18,582.7626912403138,0.584385985644883,2022-01-10/2022-01-16
2022-01-11,552259.0,8561.0,5417,33,175.86771579101838,1.0713743070156185,2022-01-10/2022-01-16
2022-01-12,558529.0,8584.0,6270,23,203.56111833296754,0.7467154261017948,2022-01-10/2022-01-16
2022-01-13,565911.0,8606.0,7382,22,239.66318589058477,0.7142495380104125,2022-01-10/2022-01-16
2022-01-14,572769.0,8627.0,6858,21,222.6510605307004,0.6817836499190301,2022-01-10/2022-01-16
2022-01-15,572769.0,8627.0,0,0,0.0,0.0,2022-01-10/2022-01-16
2022-01-16,572769.0,8627.0,0,0,0.0,0.0,2022-01-10/2022-01-16
2022-01-17,572769.0,8627.0,0,0,0.0,0.0,2022-01-17/2022-01-23
2022-01-18,596497.0,8654.0,23728,27,770.3505926323212,0.8765789784673244,2022-01-17/2022-01-23
2022-01-19,601682.0,8688.0,5185,34,168.33562975381767,1.1038401951070012,2022-01-17/2022-01-23
2022-01-20,607857.0,8709.0,6175,21,200.47685896428624,0.6817836499190301,2022-01-17/2022-01-23
2022-01-21,614505.0,8736.0,6648,27,215.8332240315101,0.8765789784673244,2022-01-17/2022-01-23
2022-01-22,614505.0,8736.0,0,0,0.0,0.0,2022-01-17/2022-01-23
2022-01-23,614505.0,8736.0,0,0,0.0,0.0,2022-01-17/2022-01-23
2022-01-24,630343.0,8760.0,15838,24,514.1947355913142,0.7791813141931773,2022-01-24/2022-01-30
2022-01-25,633955.0,8797.0,3612,37,117.26678778607317,1.2012378593811481,2022-01-24/2022-01-30
2022-01-26,638931.0,8837.0,4976,40,161.55025914271874,1.2986355236552953,2022-01-24/2022-01-30
2022-01-27,643695.0,8875.0,4764,38,154.6674908673457,1.2337037474725305,2022-01-24/2022-01-30
2022-01-28,648088.0,8914.0,4393,39,142.62264638544283,1.266169635563913,2022-01-24/2022-01-30
2022-01-29,648088.0,8914.0,0,0,0.0,0.0,2022-01-24/2022-01-30
2022-01-30,648088.0,8914.0,0,0,0.0,0.0,2022-01-24/2022-01-30
2022-01-31,656898.0,8951.0,8810,37,286.0244740850788,1.2012378593811481,2022-01-31/2022-02-06
2022-02-01,659036.0,9012.0,2138,61,69.41206873937554,1.9804191735743255,2022-01-31/2022-02-06
2022-02-02,661168.0,9050.0,2132,38,69.21727341082725,1.2337037474725305,2022-01-31/2022-02-06
2022-02-03,663107.0,9084.0,1939,34,62.95135700919044,1.1038401951070012,2022-01-31/2022-02-06
2022-02-04,665211.0,9144.0,2104,60,68.30822854426853,1.947953285482943,2022-01-31/2022-02-06
2022-02-05,665211.0,9144.0,0,0,0.0,0.0,2022-01-31/2022-02-06
2022-02-06,665211.0,9144.0,0,0,0.0,0.0,2022-01-31/2022-02-06
2022-02-07,668042.0,9186.0,2831,42,91.91092918670353,1.3635672998380601,2022-02-07/2022-02-13
2022-02-08,669748.0,9236.0,1706,50,55.38680508389835,1.623294404569119,2022-02-07/2022-02-13
2022-02-09,671322.0,9270.0,1574,34,51.10130785583588,1.1038401951070012,2022-02-07/2022-02-13
2022-02-10,672296.0,9311.0,974,41,31.62177500100644,1.3311014117466777,2022-02-07/2022-02-13
2022-02-11,673322.0,9335.0,1026,24,33.31000118175833,0.7791813141931773,2022-02-07/2022-02-13
2022-02-12,673322.0,9335.0,0,0,0.0,0.0,2022-02-07/2022-02-13
2022-02-13,673322.0,9335.0,0,0,0.0,0.0,2022-02-07/2022-02-13
2022-02-14,673322.0,9335.0,0,0,0.0,0.0,2022-02-14/2022-02-20
2022-02-15,675640.0,9421.0,2318,86,75.25592859582437,2.792066375858885,2022-02-14/2022-02-20
2022-02-16,676364.0,9446.0,724,25,23.505302978160845,0.8116472022845596,2022-02-14/2022-02-20
2022-02-17,676687.0,9489.0,323,43,10.48648185351651,1.3960331879294425,2022-02-14/2022-02-20
2022-02-18,677345.0,9508.0,658,19,21.36255436412961,0.6168518737362653,2022-02-14/2022-02-20
2022-02-19,677345.0,9508.0,0,0,0.0,0.0,2022-02-14/2022-02-20
2022-02-20,677345.0,9508.0,0,0,0.0,0.0,2022-02-14/2022-02-20
2022-02-21,677345.0,9508.0,0,0,0.0,0.0,2022-02-21/2022-02-27
2022-02-22,677345.0,9508.0,0,0,0.0,0.0,2022-02-21/2022-02-27
2022-02-23,678684.0,9575.0,1339,67,43.471824154361016,2.1752145021226195,2022-02-21/2022-02-27
2022-02-24,679715.0,9613.0,1031,38,33.47233062221524,1.2337037474725305,2022-02-21/2022-02-27
2022-02-25,681387.0,9664.0,1672,51,54.28296488879135,1.6557602926605015,2022-02-21/2022-02-27
2022-02-26,681387.0,9664.0,0,0,0.0,0.0,2022-02-21/2022-02-27
2022-02-27,681387.0,9664.0,0,0,0.0,0.0,2022-02-21/2022-02-27
2022-02-28,683766.0,9704.0,2379,40,77.23634776939869,1.2986355236552953,2022-02-28/2022-03-06
2022-03-01,684031.0,9716.0,265,12,8.603460344216332,0.38959065709658863,2022-02-28/2022-03-06
2022-03-02,684441.0,9753.0,410,37,13.311014117466778,1.2012378593811481,2022-02-28/2022-03-06
2022-03-03,684821.0,9774.0,380,21,12.337037474725307,0.6817836499190301,2022-02-28/2022-03-06
2022-03-04,684821.0,9774.0,0,0,0.0,0.0,2022-02-28/2022-03-06
2022-03-05,684821.0,9774.0,0,0,0.0,0.0,2022-02-28/2022-03-06
2022-03-06,684821.0,9774.0,0,0,0.0,0.0,2022-02-28/2022-03-06
2022-03-07,685865.0,9820.0,1044,46,33.89438716740321,1.4934308522035895,2022-03-07/2022-03-13
2022-03-08,686236.0,9844.0,371,24,12.044844481902865,0.7791813141931773,2022-03-07/2022-03-13
2022-03-09,686806.0,9875.0,570,31,18.50555621208796,1.006442530832854,2022-03-07/2022-03-13
2022-03-10,687506.0,9895.0,700,20,22.726121663967668,0.6493177618276477,2022-03-07/2022-03-13
2022-03-11,688054.0,9922.0,548,27,17.791306674077546,0.8765789784673244,2022-03-07/2022-03-13
2022-03-12,688054.0,9922.0,0,0,0.0,0.0,2022-03-07/2022-03-13
2022-03-13,688054.0,9922.0,0,0,0.0,0.0,2022-03-07/2022-03-13
2022-03-14,688765.0,9922.0,711,0,23.083246432972878,0.0,2022-03-14/2022-03-20
2022-03-15,688765.0,9922.0,0,0,0.0,0.0,2022-03-14/2022-03-20
2022-03-16,688765.0,9922.0,0,0,0.0,0.0,2022-03-14/2022-03-20
2022-03-17,688765.0,9922.0,0,0,0.0,0.0,2022-03-14/2022-03-20
2022-03-18,688765.0,9922.0,0,0,0.0,0.0,2022-03-14/2022-03-20
2022-03-19,704466.0,9949.0,15701,27,509.74690892279483,0.8765789784673244,2022-03-14/2022-03-20
2022-03-20,704466.0,9949.0,0,0,0.0,0.0,2022-03-14/2022-03-20
2022-03-21,704466.0,9949.0,0,0,0.0,0.0,2022-03-21/2022-03-27
2022-03-22,704466.0,9949.0,0,0,0.0,0.0,2022-03-21/2022-03-27
2022-03-23,705614.0,10031.0,1148,82,37.270839528906976,2.6622028234933555,2022-03-21/2022-03-27
2022-03-24,705614.0,10031.0,0,0,0.0,0.0,2022-03-21/2022-03-27
2022-03-25,705614.0,10031.0,0,0,0.0,0.0,2022-03-21/2022-03-27
2022-03-26,705614.0,10031.0,0,0,0.0,0.0,2022-03-21/2022-03-27
2022-03-27,705614.0,10031.0,0,0,0.0,0.0,2022-03-21/2022-03-27
2022-03-28,705614.0,10031.0,0,0,0.0,0.0,2022-03-28/2022-04-03
2022-03-29,705614.0,10031.0,0,0,0.0,0.0,2022-03-28/2022-04-03
2022-03-30,706772.0,10091.0,1158,60,37.5954984098208,1.947953285482943,2022-03-28/2022-04-03
2022-03-31,706772.0,10091.0,0,0,0.0,0.0,2022-03-28/2022-04-03
2022-04-01,706772.0,10091.0,0,0,0.0,0.0,2022-03-28/2022-04-03
2022-04-02,706772.0,10091.0,0,0,0.0,0.0,2022-03-28/2022-04-03
2022-04-03,706772.0,10091.0,0,0,0.0,0.0,2022-03-28/2022-04-03
2022-04-04,706772.0,10091.0,0,0,0.0,0.0,2022-04-04/2022-04-10
2022-04-05,706772.0,10091.0,0,0,0.0,0.0,2022-04-04/2022-04-10
2022-04-06,707980.0,10136.0,1208,45,39.21879281438992,1.4609649641122073,2022-04-04/2022-04-10
2022-04-07,707980.0,10136.0,0,0,0.0,0.0,2022-04-04/2022-04-10
2022-04-08,707980.0,10136.0,0,0,0.0,0.0,2022-04-04/2022-04-10
2022-04-09,707980.0,10136.0,0,0,0.0,0.0,2022-04-04/2022-04-10
2022-04-10,707980.0,10136.0,0,0,0.0,0.0,2022-04-04/2022-04-10
2022-04-11,707980.0,10136.0,0,0,0.0,0.0,2022-04-11/2022-04-17
2022-04-12,707980.0,10136.0,0,0,0.0,0.0,2022-04-11/2022-04-17
2022-04-13,709120.0,10501.0,1140,365,37.01111242417592,11.85004915335457,2022-04-11/2022-04-17
2022-04-14,709120.0,10501.0,0,0,0.0,0.0,2022-04-11/2022-04-17
2022-04-15,709120.0,10501.0,0,0,0.0,0.0,2022-04-11/2022-04-17
2022-04-16,709120.0,10501.0,0,0,0.0,0.0,2022-04-11/2022-04-17
2022-04-17,709120.0,10501.0,0,0,0.0,0.0,2022-04-11/2022-04-17
2022-04-18,709120.0,10501.0,0,0,0.0,0.0,2022-04-18/2022-04-24
2022-04-19,709120.0,10501.0,0,0,0.0,0.0,2022-04-18/2022-04-24
2022-04-20,710350.0,10684.0,1230,183,39.933042352400335,5.941257520722976,2022-04-18/2022-04-24
2022-04-21,710350.0,10684.0,0,0,0.0,0.0,2022-04-18/2022-04-24
2022-04-22,710350.0,10684.0,0,0,0.0,0.0,2022-04-18/2022-04-24
2022-04-23,710350.0,10684.0,0,0,0.0,0.0,2022-04-18/2022-04-24
2022-04-24,710350.0,10684.0,0,0,0.0,0.0,2022-04-18/2022-04-24
2022-04-25,710350.0,10684.0,0,0,0.0,0.0,2022-04-25/2022-05-01
2022-04-26,710350.0,10684.0,0,0,0.0,0.0,2022-04-25/2022-05-01
2022-04-27,712287.0,10752.0,1937,68,62.88642523300768,2.2076803902140023,2022-04-25/2022-05-01
2022-04-28,712287.0,10752.0,0,0,0.0,0.0,2022-04-25/2022-05-01
2022-04-29,712287.0,10752.0,0,0,0.0,0.0,2022-04-25/2022-05-01
2022-04-30,712287.0,10752.0,0,0,0.0,0.0,2022-04-25/2022-05-01
2022-05-01,712287.0,10752.0,0,0,0.0,0.0,2022-04-25/2022-05-01
2022-05-02,712287.0,10752.0,0,0,0.0,0.0,2022-05-02/2022-05-08
2022-05-03,712287.0,10752.0,0,0,0.0,0.0,2022-05-02/2022-05-08
2022-05-04,712287.0,10752.0,0,0,0.0,0.0,2022-05-02/2022-05-08
2022-05-05,712287.0,10752.0,0,0,0.0,0.0,2022-05-02/2022-05-08
2022-05-06,712287.0,10752.0,0,0,0.0,0.0,2022-05-02/2022-05-08
2022-05-07,712287.0,10752.0,0,0,0.0,0.0,2022-05-02/2022-05-08
2022-05-08,712287.0,10752.0,0,0,0.0,0.0,2022-05-02/2022-05-08
2022-05-09,712287.0,10752.0,0,0,0.0,0.0,2022-05-09/2022-05-15
2022-05-10,712287.0,10752.0,0,0,0.0,0.0,2022-05-09/2022-05-15
2022-05-11,717898.0,10798.0,5611,46,182.16609808074656,1.4934308522035895,2022-05-09/2022-05-15
2022-05-12,717898.0,10798.0,0,0,0.0,0.0,2022-05-09/2022-05-15
2022-05-13,717898.0,10798.0,0,0,0.0,0.0,2022-05-09/2022-05-15
2022-05-14,717898.0,10798.0,0,0,0.0,0.0,2022-05-09/2022-05-15
2022-05-15,717898.0,10798.0,0,0,0.0,0.0,2022-05-09/2022-05-15
2022-05-16,717898.0,10798.0,0,0,0.0,0.0,2022-05-16/2022-05-22
2022-05-17,717898.0,10798.0,0,0,0.0,0.0,2022-05-16/2022-05-22
2022-05-18,722262.0,10824.0,4364,26,141.6811356307927,0.844113090375942,2022-05-16/2022-05-22
2022-05-19,722262.0,10824.0,0,0,0.0,0.0,2022-05-16/2022-05-22
2022-05-20,722262.0,10824.0,0,0,0.0,0.0,2022-05-16/2022-05-22
2022-05-21,722262.0,10824.0,0,0,0.0,0.0,2022-05-16/2022-05-22
2022-05-22,722262.0,10824.0,0,0,0.0,0.0,2022-05-16/2022-05-22
2022-05-23,722262.0,10824.0,0,0,0.0,0.0,2022-05-23/2022-05-29
2022-05-24,722262.0,10824.0,0,0,0.0,0.0,2022-05-23/2022-05-29
2022-05-25,728449.0,10872.0,6187,48,200.8664496213828,1.5583626283863545,2022-05-23/2022-05-29
2022-05-26,728449.0,10872.0,0,0,0.0,0.0,2022-05-23/2022-05-29
2022-05-27,728449.0,10872.0,0,0,0.0,0.0,2022-05-23/2022-05-29
2022-05-28,728449.0,10872.0,0,0,0.0,0.0,2022-05-23/2022-05-29
2022-05-29,728449.0,10872.0,0,0,0.0,0.0,2022-05-23/2022-05-29
2022-05-30,728449.0,10872.0,0,0,0.0,0.0,2022-05-30/2022-06-05
2022-05-31,728449.0,10872.0,0,0,0.0,0.0,2022-05-30/2022-06-05
2022-06-01,735631.0,10896.0,7182,24,233.17000827230825,0.7791813141931773,2022-05-30/2022-06-05
2022-06-02,735631.0,10896.0,0,0,0.0,0.0,2022-05-30/2022-06-05
2022-06-03,735631.0,10896.0,0,0,0.0,0.0,2022-05-30/2022-06-05
2022-06-04,735631.0,10896.0,0,0,0.0,0.0,2022-05-30/2022-06-05
2022-06-05,735631.0,10896.0,0,0,0.0,0.0,2022-05-30/2022-06-05
2022-06-06,735631.0,10896.0,0,0,0.0,0.0,2022-06-06/2022-06-12
2022-06-07,735631.0,10896.0,0,0,0.0,0.0,2022-06-06/2022-06-12
2022-06-08,742375.0,10935.0,6744,39,218.9499492882828,1.266169635563913,2022-06-06/2022-06-12
2022-06-09,742375.0,10935.0,0,0,0.0,0.0,2022-06-06/2022-06-12
2022-06-10,742375.0,10935.0,0,0,0.0,0.0,2022-06-06/2022-06-12
2022-06-11,742375.0,10935.0,0,0,0.0,0.0,2022-06-06/2022-06-12
2022-06-12,742375.0,10935.0,0,0,0.0,0.0,2022-06-06/2022-06-12
2022-06-13,742375.0,10935.0,0,0,0.0,0.0,2022-06-13/2022-06-19
2022-06-14,742375.0,10935.0,0,0,0.0,0.0,2022-06-13/2022-06-19
2022-06-15,751504.0,10967.0,9129,32,296.3810923862298,1.0389084189242364,2022-06-13/2022-06-19
2022-06-16,751504.0,10967.0,0,0,0.0,0.0,2022-06-13/2022-06-19
2022-06-17,751504.0,10967.0,0,0,0.0,0.0,2022-06-13/2022-06-19
2022-06-18,751504.0,10967.0,0,0,0.0,0.0,2022-06-13/2022-06-19
2022-06-19,751504.0,10967.0,0,0,0.0,0.0,2022-06-13/2022-06-19
2022-06-20,751504.0,10967.0,0,0,0.0,0.0,2022-06-20/2022-06-26
2022-06-21,751504.0,10967.0,0,0,0.0,0.0,2022-06-20/2022-06-26
2022-06-22,751504.0,10967.0,0,0,0.0,0.0,2022-06-20/2022-06-26
2022-06-23,751504.0,10967.0,0,0,0.0,0.0,2022-06-20/2022-06-26
2022-06-24,751504.0,10967.0,0,0,0.0,0.0,2022-06-20/2022-06-26
2022-06-25,751504.0,10967.0,0,0,0.0,0.0,2022-06-20/2022-06-26
2022-06-26,751504.0,10967.0,0,0,0.0,0.0,2022-06-20/2022-06-26
2022-06-27,751504.0,10967.0,0,0,0.0,0.0,2022-06-27/2022-07-03
2022-06-28,751504.0,10967.0,0,0,0.0,0.0,2022-06-27/2022-07-03
2022-06-29,766704.0,11039.0,15200,72,493.4814989890122,2.337543942579532,2022-06-27/2022-07-03
2022-06-30,766704.0,11039.0,0,0,0.0,0.0,2022-06-27/2022-07-03
2022-07-01,766704.0,11039.0,0,0,0.0,0.0,2022-06-27/2022-07-03
2022-07-02,766704.0,11039.0,0,0,0.0,0.0,2022-06-27/2022-07-03
2022-07-03,766704.0,11039.0,0,0,0.0,0.0,2022-06-27/2022-07-03
2022-07-04,766704.0,11039.0,0,0,0.0,0.0,2022-07-04/2022-07-10
2022-07-05,766704.0,11039.0,0,0,0.0,0.0,2022-07-04/2022-07-10
2022-07-06,774845.0,11074.0,8141,35,264.304794951944,1.1363060831983836,2022-07-04/2022-07-10
2022-07-07,774845.0,11074.0,0,0,0.0,0.0,2022-07-04/2022-07-10
2022-07-08,774845.0,11074.0,0,0,0.0,0.0,2022-07-04/2022-07-10
2022-07-09,774845.0,11074.0,0,0,0.0,0.0,2022-07-04/2022-07-10
2022-07-10,774845.0,11074.0,0,0,0.0,0.0,2022-07-04/2022-07-10
2022-07-11,774845.0,11074.0,0,0,0.0,0.0,2022-07-11/2022-07-17
2022-07-12,774845.0,11074.0,0,0,0.0,0.0,2022-07-11/2022-07-17
2022-07-13,782568.0,11141.0,7723,67,250.73405372974617,2.1752145021226195,2022-07-11/2022-07-17
2022-07-14,782568.0,11141.0,0,0,0.0,0.0,2022-07-11/2022-07-17
2022-07-15,782568.0,11141.0,0,0,0.0,0.0,2022-07-11/2022-07-17
2022-07-16,782568.0,11141.0,0,0,0.0,0.0,2022-07-11/2022-07-17
2022-07-17,782568.0,11141.0,0,0,0.0,0.0,2022-07-11/2022-07-17
2022-07-18,782568.0,11141.0,0,0,0.0,0.0,2022-07-18/2022-07-24
2022-07-19,782568.0,11141.0,0,0,0.0,0.0,2022-07-18/2022-07-24
2022-07-20,789674.0,11189.0,7106,48,230.70260077736322,1.5583626283863545,2022-07-18/2022-07-24
2022-07-21,789674.0,11189.0,0,0,0.0,0.0,2022-07-18/2022-07-24
2022-07-22,789674.0,11189.0,0,0,0.0,0.0,2022-07-18/2022-07-24
2022-07-23,789674.0,11189.0,0,0,0.0,0.0,2022-07-18/2022-07-24
2022-07-24,789674.0,11189.0,0,0,0.0,0.0,2022-07-18/2022-07-24
2022-07-25,789674.0,11189.0,0,0,0.0,0.0,2022-07-25/2022-07-31
2022-07-26,789674.0,11189.0,0,0,0.0,0.0,2022-07-25/2022-07-31
2022-07-27,819041.0,11221.0,29367,32,953.4257355796265,1.0389084189242364,2022-07-25/2022-07-31
2022-07-28,819041.0,11221.0,0,0,0.0,0.0,2022-07-25/2022-07-31
2022-07-29,819041.0,11221.0,0,0,0.0,0.0,2022-07-25/2022-07-31
2022-07-30,819041.0,11221.0,0,0,0.0,0.0,2022-07-25/2022-07-31
2022-07-31,819041.0,11221.0,0,0,0.0,0.0,2022-07-25/2022-07-31
2022-08-01,819041.0,11221.0,0,0,0.0,0.0,2022-08-01/2022-08-07
2022-08-02,819041.0,11221.0,0,0,0.0,0.0,2022-08-01/2022-08-07
2022-08-03,823574.0,11257.0,4533,36,147.16787071823637,1.168771971289766,2022-08-01/2022-08-07
2022-08-04,823574.0,11257.0,0,0,0.0,0.0,2022-08-01/2022-08-07
2022-08-05,823574.0,11257.0,0,0,0.0,0.0,2022-08-01/2022-08-07
2022-08-06,823574.0,11257.0,0,0,0.0,0.0,2022-08-01/2022-08-07
2022-08-07,823574.0,11257.0,0,0,0.0,0.0,2022-08-01/2022-08-07
2022-08-08,823574.0,11257.0,0,0,0.0,0.0,2022-08-08/2022-08-14
2022-08-09,823574.0,11257.0,0,0,0.0,0.0,2022-08-08/2022-08-14
2022-08-10,827063.0,11297.0,3489,40,113.27348355083313,1.2986355236552953,2022-08-08/2022-08-14
2022-08-11,827063.0,11297.0,0,0,0.0,0.0,2022-08-08/2022-08-14
2022-08-12,827063.0,11297.0,0,0,0.0,0.0,2022-08-08/2022-08-14
2022-08-13,827063.0,11297.0,0,0,0.0,0.0,2022-08-08/2022-08-14
2022-08-14,827063.0,11297.0,0,0,0.0,0.0,2022-08-08/2022-08-14
2022-08-15,827063.0,11297.0,0,0,0.0,0.0,2022-08-15/2022-08-21
2022-08-16,827063.0,11297.0,0,0,0.0,0.0,2022-08-15/2022-08-21
2022-08-17,829615.0,11353.0,2552,56,82.85294640920785,1.8180897331174137,2022-08-15/2022-08-21
2022-08-18,829615.0,11353.0,0,0,0.0,0.0,2022-08-15/2022-08-21
2022-08-19,829615.0,11353.0,0,0,0.0,0.0,2022-08-15/2022-08-21
2022-08-20,829615.0,11353.0,0,0,0.0,0.0,2022-08-15/2022-08-21
2022-08-21,829615.0,11353.0,0,0,0.0,0.0,2022-08-15/2022-08-21
2022-08-22,829615.0,11353.0,0,0,0.0,0.0,2022-08-22/2022-08-28
2022-08-23,829615.0,11353.0,0,0,0.0,0.0,2022-08-22/2022-08-28
2022-08-24,832161.0,11375.0,2546,22,82.65815108065955,0.7142495380104125,2022-08-22/2022-08-28
2022-08-25,832161.0,11375.0,0,0,0.0,0.0,2022-08-22/2022-08-28
2022-08-26,832161.0,11375.0,0,0,0.0,0.0,2022-08-22/2022-08-28
2022-08-27,832161.0,11375.0,0,0,0.0,0.0,2022-08-22/2022-08-28
2022-08-28,832161.0,11375.0,0,0,0.0,0.0,2022-08-22/2022-08-28
2022-08-29,832161.0,11375.0,0,0,0.0,0.0,2022-08-29/2022-09-04
2022-08-30,832161.0,11375.0,0,0,0.0,0.0,2022-08-29/2022-09-04
2022-08-31,833963.0,11400.0,1802,25,58.503530340671055,0.8116472022845596,2022-08-29/2022-09-04
2022-09-01,833963.0,11400.0,0,0,0.0,0.0,2022-08-29/2022-09-04
2022-09-02,833963.0,11400.0,0,0,0.0,0.0,2022-08-29/2022-09-04
2022-09-03,833963.0,11400.0,0,0,0.0,0.0,2022-08-29/2022-09-04
2022-09-04,833963.0,11400.0,0,0,0.0,0.0,2022-08-29/2022-09-04
2022-09-05,833963.0,11400.0,0,0,0.0,0.0,2022-09-05/2022-09-11
2022-09-06,833963.0,11400.0,0,0,0.0,0.0,2022-09-05/2022-09-11
2022-09-07,835618.0,11417.0,1655,17,53.73104479123784,0.5519200975535006,2022-09-05/2022-09-11
2022-09-08,835618.0,11417.0,0,0,0.0,0.0,2022-09-05/2022-09-11
2022-09-09,835618.0,11417.0,0,0,0.0,0.0,2022-09-05/2022-09-11
2022-09-10,835618.0,11417.0,0,0,0.0,0.0,2022-09-05/2022-09-11
2022-09-11,835618.0,11417.0,0,0,0.0,0.0,2022-09-05/2022-09-11
2022-09-12,835618.0,11417.0,0,0,0.0,0.0,2022-09-12/2022-09-18
2022-09-13,835618.0,11417.0,0,0,0.0,0.0,2022-09-12/2022-09-18
2022-09-14,835618.0,11417.0,0,0,0.0,0.0,2022-09-12/2022-09-18
2022-09-15,835618.0,11417.0,0,0,0.0,0.0,2022-09-12/2022-09-18
2022-09-16,835618.0,11417.0,0,0,0.0,0.0,2022-09-12/2022-09-18
2022-09-17,835618.0,11417.0,0,0,0.0,0.0,2022-09-12/2022-09-18
2022-09-18,835618.0,11417.0,0,0,0.0,0.0,2022-09-12/2022-09-18
2022-09-19,835618.0,11417.0,0,0,0.0,0.0,2022-09-19/2022-09-25
2022-09-20,835618.0,11417.0,0,0,0.0,0.0,2022-09-19/2022-09-25
2022-09-21,839062.0,11475.0,3444,58,111.81251858672094,1.8830215093001783,2022-09-19/2022-09-25
2022-09-22,839062.0,11475.0,0,0,0.0,0.0,2022-09-19/2022-09-25
2022-09-23,839062.0,11475.0,0,0,0.0,0.0,2022-09-19/2022-09-25
2022-09-24,839062.0,11475.0,0,0,0.0,0.0,2022-09-19/2022-09-25
2022-09-25,839062.0,11475.0,0,0,0.0,0.0,2022-09-19/2022-09-25
2022-09-26,839062.0,11475.0,0,0,0.0,0.0,2022-09-26/2022-10-02
2022-09-27,839062.0,11475.0,0,0,0.0,0.0,2022-09-26/2022-10-02
2022-09-28,839503.0,11501.0,441,26,14.31745664829963,0.844113090375942,2022-09-26/2022-10-02
2022-09-29,839503.0,11501.0,0,0,0.0,0.0,2022-09-26/2022-10-02
2022-09-30,839503.0,11501.0,0,0,0.0,0.0,2022-09-26/2022-10-02
2022-10-01,839503.0,11501.0,0,0,0.0,0.0,2022-09-26/2022-10-02
2022-10-02,839503.0,11501.0,0,0,0.0,0.0,2022-09-26/2022-10-02
2022-10-03,839503.0,11501.0,0,0,0.0,0.0,2022-10-03/2022-10-09
2022-10-04,839503.0,11501.0,0,0,0.0,0.0,2022-10-03/2022-10-09
2022-10-05,840453.0,11516.0,950,15,30.842593686813263,0.4869883213707358,2022-10-03/2022-10-09
2022-10-06,840453.0,11516.0,0,0,0.0,0.0,2022-10-03/2022-10-09
2022-10-07,840453.0,11516.0,0,0,0.0,0.0,2022-10-03/2022-10-09
2022-10-08,840453.0,11516.0,0,0,0.0,0.0,2022-10-03/2022-10-09
2022-10-09,840453.0,11516.0,0,0,0.0,0.0,2022-10-03/2022-10-09
2022-10-10,840453.0,11516.0,0,0,0.0,0.0,2022-10-10/2022-10-16
2022-10-11,840453.0,11516.0,0,0,0.0,0.0,2022-10-10/2022-10-16
2022-10-12,841226.0,11531.0,773,15,25.096131494638584,0.4869883213707358,2022-10-10/2022-10-16
2022-10-13,841226.0,11531.0,0,0,0.0,0.0,2022-10-10/2022-10-16
2022-10-14,841226.0,11531.0,0,0,0.0,0.0,2022-10-10/2022-10-16
2022-10-15,841226.0,11531.0,0,0,0.0,0.0,2022-10-10/2022-10-16
2022-10-16,841226.0,11531.0,0,0,0.0,0.0,2022-10-10/2022-10-16
2022-10-17,841226.0,11531.0,0,0,0.0,0.0,2022-10-17/2022-10-23
2022-10-18,841226.0,11531.0,0,0,0.0,0.0,2022-10-17/2022-10-23
2022-10-19,842751.0,11544.0,1525,13,49.51047933935813,0.422056545187971,2022-10-17/2022-10-23
2022-10-20,842751.0,11544.0,0,0,0.0,0.0,2022-10-17/2022-10-23
2022-10-21,842751.0,11544.0,0,0,0.0,0.0,2022-10-17/2022-10-23
2022-10-22,842751.0,11544.0,0,0,0.0,0.0,2022-10-17/2022-10-23
2022-10-23,842751.0,11544.0,0,0,0.0,0.0,2022-10-17/2022-10-23
2022-10-24,842751.0,11544.0,0,0,0.0,0.0,2022-10-24/2022-10-30
2022-10-25,842751.0,11544.0,0,0,0.0,0.0,2022-10-24/2022-10-30
2022-10-26,844220.0,11555.0,1469,11,47.692389606240724,0.35712476900520623,2022-10-24/2022-10-30
2022-10-27,844220.0,11555.0,0,0,0.0,0.0,2022-10-24/2022-10-30
2022-10-28,844220.0,11555.0,0,0,0.0,0.0,2022-10-24/2022-10-30
2022-10-29,844220.0,11555.0,0,0,0.0,0.0,2022-10-24/2022-10-30
2022-10-30,844220.0,11555.0,0,0,0.0,0.0,2022-10-24/2022-10-30
2022-10-31,844220.0,11555.0,0,0,0.0,0.0,2022-10-31/2022-11-06
2022-11-01,844220.0,11555.0,0,0,0.0,0.0,2022-10-31/2022-11-06
2022-11-02,845296.0,11570.0,1076,15,34.933295586327446,0.4869883213707358,2022-10-31/2022-11-06
2022-11-03,845296.0,11570.0,0,0,0.0,0.0,2022-10-31/2022-11-06
2022-11-04,845296.0,11570.0,0,0,0.0,0.0,2022-10-31/2022-11-06
2022-11-05,845296.0,11570.0,0,0,0.0,0.0,2022-10-31/2022-11-06
2022-11-06,845296.0,11570.0,0,0,0.0,0.0,2022-10-31/2022-11-06
2022-11-07,845296.0,11570.0,0,0,0.0,0.0,2022-11-07/2022-11-13
2022-11-08,845296.0,11570.0,0,0,0.0,0.0,2022-11-07/2022-11-13
2022-11-09,847599.0,11580.0,2303,10,74.76894027445364,0.32465888091382383,2022-11-07/2022-11-13
2022-11-10,847599.0,11580.0,0,0,0.0,0.0,2022-11-07/2022-11-13
2022-11-11,847599.0,11580.0,0,0,0.0,0.0,2022-11-07/2022-11-13
2022-11-12,847599.0,11580.0,0,0,0.0,0.0,2022-11-07/2022-11-13
2022-11-13,847599.0,11580.0,0,0,0.0,0.0,2022-11-07/2022-11-13
2022-11-14,847599.0,11580.0,0,0,0.0,0.0,2022-11-14/2022-11-20
2022-11-15,847599.0,11580.0,0,0,0.0,0.0,2022-11-14/2022-11-20
2022-11-16,849597.0,11600.0,1998,20,64.866844406582,0.6493177618276477,2022-11-14/2022-11-20
2022-11-17,849597.0,11600.0,0,0,0.0,0.0,2022-11-14/2022-11-20
2022-11-18,849597.0,11600.0,0,0,0.0,0.0,2022-11-14/2022-11-20
2022-11-19,849597.0,11600.0,0,0,0.0,0.0,2022-11-14/2022-11-20
2022-11-20,849597.0,11600.0,0,0,0.0,0.0,2022-11-14/2022-11-20
2022-11-21,849597.0,11600.0,0,0,0.0,0.0,2022-11-21/2022-11-27
2022-11-22,849597.0,11600.0,0,0,0.0,0.0,2022-11-21/2022-11-27
2022-11-23,851596.0,11624.0,1999,24,64.89931029467338,0.7791813141931773,2022-11-21/2022-11-27
2022-11-24,851596.0,11624.0,0,0,0.0,0.0,2022-11-21/2022-11-27
2022-11-25,851596.0,11624.0,0,0,0.0,0.0,2022-11-21/2022-11-27
2022-11-26,851596.0,11624.0,0,0,0.0,0.0,2022-11-21/2022-11-27
2022-11-27,851596.0,11624.0,0,0,0.0,0.0,2022-11-21/2022-11-27
2022-11-28,851596.0,11624.0,0,0,0.0,0.0,2022-11-28/2022-12-04
2022-11-29,851596.0,11624.0,0,0,0.0,0.0,2022-11-28/2022-12-04
2022-11-30,854224.0,11630.0,2628,6,85.32035390415291,0.19479532854829432,2022-11-28/2022-12-04
2022-12-01,854224.0,11630.0,0,0,0.0,0.0,2022-11-28/2022-12-04
2022-12-02,854224.0,11630.0,0,0,0.0,0.0,2022-11-28/2022-12-04
2022-12-03,854224.0,11630.0,0,0,0.0,0.0,2022-11-28/2022-12-04
2022-12-04,854224.0,11630.0,0,0,0.0,0.0,2022-11-28/2022-12-04
2022-12-05,854224.0,11630.0,0,0,0.0,0.0,2022-12-05/2022-12-11
2022-12-06,854224.0,11630.0,0,0,0.0,0.0,2022-12-05/2022-12-11
2022-12-07,854224.0,11630.0,0,0,0.0,0.0,2022-12-05/2022-12-11
2022-12-08,854224.0,11630.0,0,0,0.0,0.0,2022-12-05/2022-12-11
2022-12-09,858056.0,11657.0,3832,27,124.40928316617729,0.8765789784673244,2022-12-05/2022-12-11
2022-12-10,858056.0,11657.0,0,0,0.0,0.0,2022-12-05/2022-12-11
2022-12-11,858056.0,11657.0,0,0,0.0,0.0,2022-12-05/2022-12-11
2022-12-12,858056.0,11657.0,0,0,0.0,0.0,2022-12-12/2022-12-18
2022-12-13,858056.0,11657.0,0,0,0.0,0.0,2022-12-12/2022-12-18
2022-12-14,858056.0,11657.0,0,0,0.0,0.0,2022-12-12/2022-12-18
2022-12-15,858056.0,11657.0,0,0,0.0,0.0,2022-12-12/2022-12-18
2022-12-16,860921.0,11677.0,2865,20,93.01476938181052,0.6493177618276477,2022-12-12/2022-12-18
2022-12-17,860921.0,11677.0,0,0,0.0,0.0,2022-12-12/2022-12-18
2022-12-18,860921.0,11677.0,0,0,0.0,0.0,2022-12-12/2022-12-18
2022-12-19,860921.0,11677.0,0,0,0.0,0.0,2022-12-19/2022-12-25
2022-12-20,860921.0,11677.0,0,0,0.0,0.0,2022-12-19/2022-12-25
2022-12-21,863297.0,11705.0,2376,28,77.13895010512455,0.9090448665587069,2022-12-19/2022-12-25
2022-12-22,863297.0,11705.0,0,0,0.0,0.0,2022-12-19/2022-12-25
2022-12-23,863297.0,11705.0,0,0,0.0,0.0,2022-12-19/2022-12-25
2022-12-24,863297.0,11705.0,0,0,0.0,0.0,2022-12-19/2022-12-25
2022-12-25,863297.0,11705.0,0,0,0.0,0.0,2022-12-19/2022-12-25
2022-12-26,863297.0,11705.0,0,0,0.0,0.0,2022-12-26/2023-01-01
2022-12-27,863297.0,11705.0,0,0,0.0,0.0,2022-12-26/2023-01-01
2022-12-28,863297.0,11705.0,0,0,0.0,0.0,2022-12-26/2023-01-01
2022-12-29,863297.0,11705.0,0,0,0.0,0.0,2022-12-26/2023-01-01
2022-12-30,865255.0,11751.0,1958,46,63.56820888292671,1.4934308522035895,2022-12-26/2023-01-01
2022-12-31,865255.0,11751.0,0,0,0.0,0.0,2022-12-26/2023-01-01
2023-01-01,865255.0,11751.0,0,0,0.0,0.0,2022-12-26/2023-01-01
2023-01-02,865255.0,11751.0,0,0,0.0,0.0,2023-01-02/2023-01-08
2023-01-03,865255.0,11751.0,0,0,0.0,0.0,2023-01-02/2023-01-08
2023-01-04,865255.0,11751.0,0,0,0.0,0.0,2023-01-02/2023-01-08
2023-01-05,865255.0,11751.0,0,0,0.0,0.0,2023-01-02/2023-01-08
2023-01-06,869276.0,11778.0,4021,27,130.54533601544858,0.8765789784673244,2023-01-02/2023-01-08
2023-01-07,869276.0,11778.0,0,0,0.0,0.0,2023-01-02/2023-01-08
2023-01-08,869276.0,11778.0,0,0,0.0,0.0,2023-01-02/2023-01-08
2023-01-09,869276.0,11778.0,0,0,0.0,0.0,2023-01-09/2023-01-15
2023-01-10,869276.0,11778.0,0,0,0.0,0.0,2023-01-09/2023-01-15
2023-01-11,869276.0,11778.0,0,0,0.0,0.0,2023-01-09/2023-01-15
2023-01-12,868806.0,11823.0,0,45,-15.258967402949722,1.4609649641122073,2023-01-09/2023-01-15
2023-01-13,868806.0,11823.0,0,0,0.0,0.0,2023-01-09/2023-01-15
2023-01-14,868806.0,11823.0,0,0,0.0,0.0,2023-01-09/2023-01-15
2023-01-15,868806.0,11823.0,0,0,0.0,0.0,2023-01-09/2023-01-15
2023-01-16,868806.0,11823.0,0,0,0.0,0.0,2023-01-16/2023-01-22
2023-01-17,868806.0,11823.0,0,0,0.0,0.0,2023-01-16/2023-01-22
2023-01-18,868806.0,11823.0,0,0,0.0,0.0,2023-01-16/2023-01-22
2023-01-19,870038.0,11834.0,1232,11,39.997974128583095,0.35712476900520623,2023-01-16/2023-01-22
2023-01-20,870038.0,11834.0,0,0,0.0,0.0,2023-01-16/2023-01-22
2023-01-21,870038.0,11834.0,0,0,0.0,0.0,2023-01-16/2023-01-22
2023-01-22,870038.0,11834.0,0,0,0.0,0.0,2023-01-16/2023-01-22
2023-01-23,870038.0,11834.0,0,0,0.0,0.0,2023-01-23/2023-01-29
2023-01-24,870038.0,11834.0,0,0,0.0,0.0,2023-01-23/2023-01-29
2023-01-25,870038.0,11834.0,0,0,0.0,0.0,2023-01-23/2023-01-29
2023-01-26,870038.0,11834.0,0,0,0.0,0.0,2023-01-23/2023-01-29
2023-01-27,871460.0,11875.0,1422,41,46.166492865945756,1.3311014117466777,2023-01-23/2023-01-29
2023-01-28,871460.0,11875.0,0,0,0.0,0.0,2023-01-23/2023-01-29
2023-01-29,871460.0,11875.0,0,0,0.0,0.0,2023-01-23/2023-01-29
2023-01-30,871460.0,11875.0,0,0,0.0,0.0,2023-01-30/2023-02-05
2023-01-31,871460.0,11875.0,0,0,0.0,0.0,2023-01-30/2023-02-05
2023-02-01,871460.0,11875.0,0,0,0.0,0.0,2023-01-30/2023-02-05
2023-02-02,872729.0,11867.0,1269,-8,41.19921198796425,-0.2597271047310591,2023-01-30/2023-02-05
2023-02-03,872729.0,11867.0,0,0,0.0,0.0,2023-01-30/2023-02-05
2023-02-04,872729.0,11867.0,0,0,0.0,0.0,2023-01-30/2023-02-05
2023-02-05,872729.0,11867.0,0,0,0.0,0.0,2023-01-30/2023-02-05
2023-02-06,872729.0,11867.0,0,0,0.0,0.0,2023-02-06/2023-02-12
2023-02-07,872729.0,11867.0,0,0,0.0,0.0,2023-02-06/2023-02-12
2023-02-08,872729.0,11867.0,0,0,0.0,0.0,2023-02-06/2023-02-12
2023-02-09,873931.0,11894.0,1202,27,39.023997485841626,0.8765789784673244,2023-02-06/2023-02-12
2023-02-10,873931.0,11894.0,0,0,0.0,0.0,2023-02-06/2023-02-12
2023-02-11,873931.0,11894.0,0,0,0.0,0.0,2023-02-06/2023-02-12
2023-02-12,873931.0,11894.0,0,0,0.0,0.0,2023-02-06/2023-02-12
2023-02-13,873931.0,11894.0,0,0,0.0,0.0,2023-02-13/2023-02-19
2023-02-14,873931.0,11894.0,0,0,0.0,0.0,2023-02-13/2023-02-19
2023-02-15,873931.0,11894.0,0,0,0.0,0.0,2023-02-13/2023-02-19
2023-02-16,873931.0,11894.0,0,0,0.0,0.0,2023-02-13/2023-02-19
2023-02-17,875194.0,11903.0,1263,9,41.00441665941595,0.2921929928224415,2023-02-13/2023-02-19
2023-02-18,875194.0,11903.0,0,0,0.0,0.0,2023-02-13/2023-02-19
2023-02-19,875194.0,11903.0,0,0,0.0,0.0,2023-02-13/2023-02-19
2023-02-20,875194.0,11903.0,0,0,0.0,0.0,2023-02-20/2023-02-26
2023-02-21,875194.0,11903.0,0,0,0.0,0.0,2023-02-20/2023-02-26
2023-02-22,875194.0,11903.0,0,0,0.0,0.0,2023-02-20/2023-02-26
2023-02-23,876294.0,11911.0,1100,8,35.71247690052063,0.2597271047310591,2023-02-20/2023-02-26
2023-02-24,876294.0,11911.0,0,0,0.0,0.0,2023-02-20/2023-02-26
2023-02-25,876294.0,11911.0,0,0,0.0,0.0,2023-02-20/2023-02-26
2023-02-26,876294.0,11911.0,0,0,0.0,0.0,2023-02-20/2023-02-26
2023-02-27,876294.0,11911.0,0,0,0.0,0.0,2023-02-27/2023-03-05
2023-02-28,876294.0,11911.0,0,0,0.0,0.0,2023-02-27/2023-03-05
2023-03-01,876294.0,11911.0,0,0,0.0,0.0,2023-02-27/2023-03-05
2023-03-02,876294.0,11911.0,0,0,0.0,0.0,2023-02-27/2023-03-05
2023-03-03,876294.0,11911.0,0,0,0.0,0.0,2023-02-27/2023-03-05
2023-03-04,876294.0,11911.0,0,0,0.0,0.0,2023-02-27/2023-03-05
2023-03-05,876294.0,11911.0,0,0,0.0,0.0,2023-02-27/2023-03-05
2023-03-06,876294.0,11911.0,0,0,0.0,0.0,2023-03-06/2023-03-12
2023-03-07,876294.0,11911.0,0,0,0.0,0.0,2023-03-06/2023-03-12
2023-03-08,876294.0,11911.0,0,0,0.0,0.0,2023-03-06/2023-03-12
2023-03-09,876294.0,11911.0,0,0,0.0,0.0,2023-03-06/2023-03-12
2023-03-10,878616.0,11922.0,2322,11,75.38579214818989,0.35712476900520623,2023-03-06/2023-03-12
2023-03-11,878616.0,11922.0,0,0,0.0,0.0,2023-03-06/2023-03-12
2023-03-12,878616.0,11922.0,0,0,0.0,0.0,2023-03-06/2023-03-12
2023-03-13,878616.0,11922.0,0,0,0.0,0.0,2023-03-13/2023-03-19
2023-03-14,878616.0,11922.0,0,0,0.0,0.0,2023-03-13/2023-03-19
2023-03-15,878616.0,11922.0,0,0,0.0,0.0,2023-03-13/2023-03-19
2023-03-16,878616.0,11922.0,0,0,0.0,0.0,2023-03-13/2023-03-19
2023-03-17,880172.0,11937.0,1556,15,50.516921870190984,0.4869883213707358,2023-03-13/2023-03-19
2023-03-18,880172.0,11937.0,0,0,0.0,0.0,2023-03-13/2023-03-19
2023-03-19,880172.0,11937.0,0,0,0.0,0.0,2023-03-13/2023-03-19
2023-03-20,880172.0,11937.0,0,0,0.0,0.0,2023-03-20/2023-03-26
2023-03-21,880172.0,11937.0,0,0,0.0,0.0,2023-03-20/2023-03-26
2023-03-22,880172.0,11937.0,0,0,0.0,0.0,2023-03-20/2023-03-26
2023-03-23,880172.0,11937.0,0,0,0.0,0.0,2023-03-20/2023-03-26
2023-03-24,881263.0,11952.0,1091,15,35.42028390769818,0.4869883213707358,2023-03-20/2023-03-26
2023-03-25,881263.0,11952.0,0,0,0.0,0.0,2023-03-20/2023-03-26
2023-03-26,881263.0,11952.0,0,0,0.0,0.0,2023-03-20/2023-03-26
2023-03-27,881263.0,11952.0,0,0,0.0,0.0,2023-03-27/2023-04-02
2023-03-28,881263.0,11952.0,0,0,0.0,0.0,2023-03-27/2023-04-02
2023-03-29,881263.0,11952.0,0,0,0.0,0.0,2023-03-27/2023-04-02
2023-03-30,881263.0,11952.0,0,0,0.0,0.0,2023-03-27/2023-04-02
2023-03-31,882261.0,11957.0,998,5,32.40095631519962,0.16232944045691192,2023-03-27/2023-04-02
2023-04-01,882261.0,11957.0,0,0,0.0,0.0,2023-03-27/2023-04-02
2023-04-02,882261.0,11957.0,0,0,0.0,0.0,2023-03-27/2023-04-02
2023-04-03,882261.0,11957.0,0,0,0.0,0.0,2023-04-03/2023-04-09
2023-04-04,882261.0,11957.0,0,0,0.0,0.0,2023-04-03/2023-04-09
2023-04-05,882261.0,11957.0,0,0,0.0,0.0,2023-04-03/2023-04-09
2023-04-06,883150.0,11973.0,889,16,28.86217451323894,0.5194542094621182,2023-04-03/2023-04-09
2023-04-07,883150.0,11973.0,0,0,0.0,0.0,2023-04-03/2023-04-09
2023-04-08,883150.0,11973.0,0,0,0.0,0.0,2023-04-03/2023-04-09
2023-04-09,883150.0,11973.0,0,0,0.0,0.0,2023-04-03/2023-04-09
2023-04-10,883150.0,11973.0,0,0,0.0,0.0,2023-04-10/2023-04-16
2023-04-11,883150.0,11973.0,0,0,0.0,0.0,2023-04-10/2023-04-16
2023-04-12,883150.0,11973.0,0,0,0.0,0.0,2023-04-10/2023-04-16
2023-04-13,883150.0,11973.0,0,0,0.0,0.0,2023-04-10/2023-04-16
2023-04-14,883930.0,11976.0,780,3,25.32339271127826,0.09739766427414716,2023-04-10/2023-04-16
2023-04-15,883930.0,11976.0,0,0,0.0,0.0,2023-04-10/2023-04-16
2023-04-16,883930.0,11976.0,0,0,0.0,0.0,2023-04-10/2023-04-16
2023-04-17,883930.0,11976.0,0,0,0.0,0.0,2023-04-17/2023-04-23
2023-04-18,883930.0,11976.0,0,0,0.0,0.0,2023-04-17/2023-04-23
2023-04-19,883930.0,11976.0,0,0,0.0,0.0,2023-04-17/2023-04-23
2023-04-20,883930.0,11976.0,0,0,0.0,0.0,2023-04-17/2023-04-23
2023-04-21,884785.0,11981.0,855,5,27.75833431813194,0.16232944045691192,2023-04-17/2023-04-23
2023-04-22,884785.0,11981.0,0,0,0.0,0.0,2023-04-17/2023-04-23
2023-04-23,884785.0,11981.0,0,0,0.0,0.0,2023-04-17/2023-04-23
2023-04-24,884785.0,11981.0,0,0,0.0,0.0,2023-04-24/2023-04-30
2023-04-25,884785.0,11981.0,0,0,0.0,0.0,2023-04-24/2023-04-30
2023-04-26,884785.0,11981.0,0,0,0.0,0.0,2023-04-24/2023-04-30
2023-04-27,884785.0,11981.0,0,0,0.0,0.0,2023-04-24/2023-04-30
2023-04-28,885739.0,11984.0,954,3,30.972457239178794,0.09739766427414716,2023-04-24/2023-04-30
2023-04-29,885739.0,11984.0,0,0,0.0,0.0,2023-04-24/2023-04-30
2023-04-30,885739.0,11984.0,0,0,0.0,0.0,2023-04-24/2023-04-30
2023-05-01,885739.0,11984.0,0,0,0.0,0.0,2023-05-01/2023-05-07
2023-05-02,885739.0,11984.0,0,0,0.0,0.0,2023-05-01/2023-05-07
2023-05-03,885739.0,11984.0,0,0,0.0,0.0,2023-05-01/2023-05-07
2023-05-04,886381.0,11998.0,642,14,20.843100154667493,0.45452243327935343,2023-05-01/2023-05-07
2023-05-05,886381.0,11998.0,0,0,0.0,0.0,2023-05-01/2023-05-07
2023-05-06,886381.0,11998.0,0,0,0.0,0.0,2023-05-01/2023-05-07
2023-05-07,886381.0,11998.0,0,0,0.0,0.0,2023-05-01/2023-05-07
2023-05-08,886381.0,11998.0,0,0,0.0,0.0,2023-05-08/2023-05-14
2023-05-09,886381.0,11998.0,0,0,0.0,0.0,2023-05-08/2023-05-14
2023-05-10,887008.0,12008.0,627,10,20.356111833296755,0.32465888091382383,2023-05-08/2023-05-14
2023-05-11,887008.0,12008.0,0,0,0.0,0.0,2023-05-08/2023-05-14
2023-05-12,887008.0,12008.0,0,0,0.0,0.0,2023-05-08/2023-05-14
2023-05-13,887008.0,12008.0,0,0,0.0,0.0,2023-05-08/2023-05-14
2023-05-15,887008.0,12008.0,0,0,0.0,0.0,2023-05-15/2023-05-21
2023-05-16,887008.0,12008.0,0,0,0.0,0.0,2023-05-15/2023-05-21
2023-05-17,887008.0,12008.0,0,0,0.0,0.0,2023-05-15/2023-05-21
2023-05-18,887562.0,12014.0,554,6,17.98610200262584,0.19479532854829432,2023-05-15/2023-05-21
2023-05-19,887562.0,12014.0,0,0,0.0,0.0,2023-05-15/2023-05-21
2023-05-20,887562.0,12014.0,0,0,0.0,0.0,2023-05-15/2023-05-21
2023-05-21,887562.0,12014.0,0,0,0.0,0.0,2023-05-15/2023-05-21
2023-05-22,887562.0,12014.0,0,0,0.0,0.0,2023-05-22/2023-05-28
2023-05-23,887562.0,12014.0,0,0,0.0,0.0,2023-05-22/2023-05-28
2023-05-24,888099.0,12023.0,537,9,17.43418190507234,0.2921929928224415,2023-05-22/2023-05-28
2023-05-25,888099.0,12023.0,0,0,0.0,0.0,2023-05-22/2023-05-28
2023-05-26,888099.0,12023.0,0,0,0.0,0.0,2023-05-22/2023-05-28
2023-05-27,888099.0,12023.0,0,0,0.0,0.0,2023-05-22/2023-05-28
2023-05-28,888099.0,12023.0,0,0,0.0,0.0,2023-05-22/2023-05-28
2023-05-29,888099.0,12023.0,0,0,0.0,0.0,2023-05-29/2023-06-04
2023-06-12,888993.0,12054.0,894,31,29.024503953695852,1.006442530832854,2023-06-12/2023-06-18
2023-06-13,888993.0,12054.0,0,0,0.0,0.0,2023-06-12/2023-06-18
2023-06-14,888993.0,12054.0,0,0,0.0,0.0,2023-06-12/2023-06-18
2023-06-15,889357.0,12059.0,364,5,11.817583265263188,0.16232944045691192,2023-06-12/2023-06-18
2023-06-16,889357.0,12059.0,0,0,0.0,0.0,2023-06-12/2023-06-18
2023-06-17,889357.0,12059.0,0,0,0.0,0.0,2023-06-12/2023-06-18
2023-06-18,889357.0,12059.0,0,0,0.0,0.0,2023-06-12/2023-06-18
2023-06-19,889357.0,12059.0,0,0,0.0,0.0,2023-06-19/2023-06-25
2023-06-20,889357.0,12059.0,0,0,0.0,0.0,2023-06-19/2023-06-25
2023-06-21,889357.0,12059.0,0,0,0.0,0.0,2023-06-19/2023-06-25
2023-06-22,889668.0,12067.0,311,8,10.096891196419921,0.2597271047310591,2023-06-19/2023-06-25
2023-06-23,889668.0,12067.0,0,0,0.0,0.0,2023-06-19/2023-06-25
2023-06-24,889668.0,12067.0,0,0,0.0,0.0,2023-06-19/2023-06-25
2023-06-25,889668.0,12067.0,0,0,0.0,0.0,2023-06-19/2023-06-25
2023-06-26,889668.0,12067.0,0,0,0.0,0.0,2023-06-26/2023-07-02
2023-06-27,889668.0,12067.0,0,0,0.0,0.0,2023-06-26/2023-07-02
2023-06-28,889668.0,12067.0,0,0,0.0,0.0,2023-06-26/2023-07-02
2023-06-29,890071.0,12069.0,403,2,13.083752900827102,0.06493177618276477,2023-06-26/2023-07-02
2023-06-30,890071.0,12069.0,0,0,0.0,0.0,2023-06-26/2023-07-02
2023-07-01,890071.0,12069.0,0,0,0.0,0.0,2023-06-26/2023-07-02
2023-07-02,890071.0,12069.0,0,0,0.0,0.0,2023-06-26/2023-07-02
2023-07-03,890071.0,12069.0,0,0,0.0,0.0,2023-07-03/2023-07-09
2023-07-04,890071.0,12069.0,0,0,0.0,0.0,2023-07-03/2023-07-09
2023-07-05,890071.0,12069.0,0,0,0.0,0.0,2023-07-03/2023-07-09
2023-07-06,890071.0,12069.0,0,0,0.0,0.0,2023-07-03/2023-07-09
2023-07-07,890510.0,12075.0,439,6,14.252524872116867,0.19479532854829432,2023-07-03/2023-07-09
2023-07-08,890510.0,12075.0,0,0,0.0,0.0,2023-07-03/2023-07-09
2023-07-09,890510.0,12075.0,0,0,0.0,0.0,2023-07-03/2023-07-09
2023-07-10,890510.0,12075.0,0,0,0.0,0.0,2023-07-10/2023-07-16
2023-07-11,890510.0,12075.0,0,0,0.0,0.0,2023-07-10/2023-07-16
2023-07-12,890510.0,12075.0,0,0,0.0,0.0,2023-07-10/2023-07-16
2023-07-13,891729.0,12080.0,1219,5,39.575917583395125,0.16232944045691192,2023-07-10/2023-07-16
2023-07-14,891729.0,12080.0,0,0,0.0,0.0,2023-07-10/2023-07-16
2023-07-15,891729.0,12080.0,0,0,0.0,0.0,2023-07-10/2023-07-16
2023-07-16,891729.0,12080.0,0,0,0.0,0.0,2023-07-10/2023-07-16
2023-07-17,891729.0,12080.0,0,0,0.0,0.0,2023-07-17/2023-07-23
2023-07-18,891729.0,12080.0,0,0,0.0,0.0,2023-07-17/2023-07-23
2023-07-19,891729.0,12080.0,0,0,0.0,0.0,2023-07-17/2023-07-23
2023-07-20,892252.0,12084.0,523,4,16.97965947179299,0.12986355236552954,2023-07-17/2023-07-23
2023-07-21,892252.0,12084.0,0,0,0.0,0.0,2023-07-17/2023-07-23
2023-07-22,892252.0,12084.0,0,0,0.0,0.0,2023-07-17/2023-07-23
2023-07-23,892252.0,12084.0,0,0,0.0,0.0,2023-07-17/2023-07-23
