,Day,Sum_Cases,Sum_Deaths
0,2020-01-22_confirmed,0.0,0.0
1,2020-01-23_confirmed,0.0,0.0
2,2020-01-24_confirmed,0.0,0.0
3,2020-01-25_confirmed,0.0,0.0
4,2020-01-26_confirmed,0.0,0.0
5,2020-01-27_confirmed,0.0,0.0
6,2020-01-28_confirmed,0.0,0.0
7,2020-01-29_confirmed,0.0,0.0
8,2020-01-30_confirmed,0.0,0.0
9,2020-01-31_confirmed,0.0,0.0
10,2020-02-01_confirmed,0.0,0.0
11,2020-02-02_confirmed,0.0,0.0
12,2020-02-03_confirmed,0.0,0.0
13,2020-02-04_confirmed,0.0,0.0
14,2020-02-05_confirmed,0.0,0.0
15,2020-02-06_confirmed,0.0,0.0
16,2020-02-07_confirmed,0.0,0.0
17,2020-02-08_confirmed,0.0,0.0
18,2020-02-09_confirmed,0.0,0.0
19,2020-02-10_confirmed,0.0,0.0
20,2020-02-11_confirmed,0.0,0.0
21,2020-02-12_confirmed,0.0,0.0
22,2020-02-13_confirmed,0.0,0.0
23,2020-02-14_confirmed,0.0,0.0
24,2020-02-15_confirmed,0.0,0.0
25,2020-02-16_confirmed,0.0,0.0
26,2020-02-17_confirmed,0.0,0.0
27,2020-02-18_confirmed,0.0,0.0
28,2020-02-19_confirmed,0.0,0.0
29,2020-02-20_confirmed,0.0,0.0
30,2020-02-21_confirmed,0.0,0.0
31,2020-02-22_confirmed,0.0,0.0
32,2020-02-23_confirmed,0.0,0.0
33,2020-02-24_confirmed,0.0,0.0
34,2020-02-25_confirmed,0.0,0.0
35,2020-02-26_confirmed,0.0,0.0
36,2020-02-27_confirmed,0.0,0.0
37,2020-02-28_confirmed,0.0,0.0
38,2020-02-29_confirmed,0.0,0.0
39,2020-03-01_confirmed,0.0,0.0
40,2020-03-02_confirmed,0.0,0.0
41,2020-03-03_confirmed,0.0,0.0
42,2020-03-04_confirmed,0.0,0.0
43,2020-03-05_confirmed,1.0,0.0
44,2020-03-06_confirmed,2.0,0.0
45,2020-03-07_confirmed,2.0,0.0
46,2020-03-08_confirmed,4.0,0.0
47,2020-03-09_confirmed,4.0,0.0
48,2020-03-10_confirmed,7.0,0.0
49,2020-03-11_confirmed,7.0,0.0
50,2020-03-12_confirmed,11.0,0.0
51,2020-03-13_confirmed,20.0,0.0
52,2020-03-14_confirmed,21.0,0.0
53,2020-03-15_confirmed,26.0,0.0
54,2020-03-16_confirmed,45.0,1.0
55,2020-03-17_confirmed,55.0,1.0
56,2020-03-18_confirmed,55.0,1.0
57,2020-03-19_confirmed,91.0,1.0
58,2020-03-20_confirmed,153.0,2.0
59,2020-03-21_confirmed,158.0,2.0
60,2020-03-22_confirmed,194.0,2.0
61,2020-03-23_confirmed,249.0,4.0
62,2020-03-24_confirmed,281.0,6.0
63,2020-03-25_confirmed,408.0,10.0
64,2020-03-26_confirmed,536.0,10.0
65,2020-03-27_confirmed,520.0,10.0
66,2020-03-28_confirmed,637.0,14.0
67,2020-03-29_confirmed,926.0,15.0
68,2020-03-30_confirmed,1009.0,18.0
69,2020-03-31_confirmed,1113.0,26.0
70,2020-04-01_confirmed,1279.0,32.0
71,2020-04-02_confirmed,1458.0,38.0
72,2020-04-03_confirmed,1551.0,43.0
73,2020-04-04_confirmed,1752.0,46.0
74,2020-04-05_confirmed,1836.0,46.0
75,2020-04-06_confirmed,1953.0,58.0
76,2020-04-07_confirmed,2098.0,59.0
77,2020-04-08_confirmed,2318.0,80.0
78,2020-04-09_confirmed,2456.0,85.0
79,2020-04-10_confirmed,2624.0,102.0
80,2020-04-11_confirmed,2624.0,102.0
81,2020-04-12_confirmed,2624.0,102.0
82,2020-04-13_confirmed,2624.0,102.0
83,2020-04-14_confirmed,2624.0,102.0
84,2020-04-15_confirmed,2624.0,102.0
85,2020-04-16_confirmed,3324.0,154.0
86,2020-04-17_confirmed,3461.0,158.0
87,2020-04-18_confirmed,3629.0,168.0
88,2020-04-19_confirmed,3727.0,174.0
89,2020-04-20_confirmed,3815.0,175.0
90,2020-04-21_confirmed,3945.0,179.0
91,2020-04-22_confirmed,4092.0,190.0
92,2020-04-23_confirmed,4225.0,206.0
93,2020-04-24_confirmed,4373.0,214.0
94,2020-04-25_confirmed,4547.0,216.0
95,2020-04-26_confirmed,4642.0,222.0
96,2020-04-27_confirmed,4726.0,223.0
97,2020-04-28_confirmed,4802.0,235.0
98,2020-04-29_confirmed,4951.0,247.0
99,2020-04-30_confirmed,5040.0,253.0
100,2020-05-01_confirmed,5075.0,253.0
101,2020-05-02_confirmed,5407.0,269.0
102,2020-05-03_confirmed,5490.0,273.0
103,2020-05-04_confirmed,5490.0,273.0
104,2020-05-05_confirmed,5528.0,278.0
105,2020-05-06_confirmed,5631.0,297.0
106,2020-05-07_confirmed,5718.0,305.0
107,2020-05-08_confirmed,5721.0,313.0
108,2020-05-09_confirmed,6069.0,318.0
109,2020-05-10_confirmed,6135.0,322.0
110,2020-05-11_confirmed,6158.0,322.0
111,2020-05-12_confirmed,6300.0,330.0
112,2020-05-13_confirmed,6494.0,341.0
113,2020-05-14_confirmed,6593.0,348.0
114,2020-05-15_confirmed,6758.0,360.0
115,2020-05-16_confirmed,6835.0,362.0
116,2020-05-17_confirmed,6903.0,365.0
117,2020-05-18_confirmed,6903.0,365.0
118,2020-05-19_confirmed,7153.0,377.0
119,2020-05-20_confirmed,7153.0,377.0
120,2020-05-21_confirmed,7493.0,377.0
121,2020-05-22_confirmed,7501.0,396.0
122,2020-05-23_confirmed,7782.0,406.0
123,2020-05-24_confirmed,7899.0,408.0
124,2020-05-25_confirmed,7974.0,410.0
125,2020-05-26_confirmed,8076.0,410.0
126,2020-05-27_confirmed,8137.0,413.0
127,2020-05-28_confirmed,8232.0,421.0
128,2020-05-29_confirmed,8370.0,424.0
129,2020-05-30_confirmed,8515.0,428.0
130,2020-05-31_confirmed,8612.0,429.0
131,2020-06-01_confirmed,8707.0,432.0
132,2020-06-02_confirmed,8719.0,433.0
133,2020-06-03_confirmed,8873.0,436.0
134,2020-06-04_confirmed,9129.0,445.0
135,2020-06-05_confirmed,9279.0,448.0
136,2020-06-06_confirmed,9506.0,453.0
137,2020-06-07_confirmed,9647.0,454.0
138,2020-06-08_confirmed,9784.0,457.0
139,2020-06-09_confirmed,10039.0,459.0
140,2020-06-10_confirmed,10155.0,460.0
141,2020-06-11_confirmed,10462.0,461.0
142,2020-06-12_confirmed,10678.0,461.0
143,2020-06-13_confirmed,10987.0,462.0
144,2020-06-14_confirmed,11194.0,463.0
145,2020-06-15_confirmed,11277.0,464.0
146,2020-06-16_confirmed,11681.0,466.0
147,2020-06-17_confirmed,11851.0,472.0
148,2020-06-18_confirmed,12169.0,475.0
149,2020-06-19_confirmed,12490.0,478.0
150,2020-06-20_confirmed,12897.0,485.0
151,2020-06-21_confirmed,13201.0,487.0
152,2020-06-22_confirmed,13581.0,490.0
153,2020-06-23_confirmed,13996.0,492.0
154,2020-06-24_confirmed,14358.0,494.0
155,2020-06-25_confirmed,14885.0,495.0
156,2020-06-26_confirmed,15358.0,498.0
157,2020-06-27_confirmed,16339.0,500.0
158,2020-06-28_confirmed,17156.0,500.0
159,2020-06-29_confirmed,17894.0,504.0
160,2020-06-30_confirmed,18456.0,507.0
161,2020-07-01_confirmed,19101.0,511.0
162,2020-07-02_confirmed,19732.0,524.0
163,2020-07-03_confirmed,20717.0,528.0
164,2020-07-04_confirmed,21575.0,530.0
165,2020-07-05_confirmed,22418.0,534.0
166,2020-07-06_confirmed,22909.0,537.0
167,2020-07-07_confirmed,23784.0,548.0
168,2020-07-08_confirmed,24300.0,553.0
169,2020-07-09_confirmed,25029.0,574.0
170,2020-07-10_confirmed,25901.0,579.0
171,2020-07-11_confirmed,26833.0,589.0
172,2020-07-12_confirmed,27678.0,593.0
173,2020-07-13_confirmed,28509.0,593.0
174,2020-07-14_confirmed,29613.0,612.0
175,2020-07-15_confirmed,30556.0,619.0
176,2020-07-16_confirmed,31909.0,626.0
177,2020-07-17_confirmed,33288.0,637.0
178,2020-07-18_confirmed,34472.0,646.0
179,2020-07-19_confirmed,35758.0,647.0
180,2020-07-20_confirmed,36706.0,648.0
181,2020-07-21_confirmed,37521.0,676.0
182,2020-07-22_confirmed,38741.0,704.0
183,2020-07-23_confirmed,39913.0,707.0
184,2020-07-24_confirmed,40879.0,722.0
185,2020-07-25_confirmed,41807.0,732.0
186,2020-07-26_confirmed,42831.0,734.0
187,2020-07-27_confirmed,43828.0,739.0
188,2020-07-28_confirmed,44935.0,739.0
189,2020-07-29_confirmed,45806.0,759.0
190,2020-07-30_confirmed,46799.0,801.0
191,2020-07-31_confirmed,48064.0,830.0
192,2020-08-01_confirmed,49052.0,832.0
193,2020-08-02_confirmed,50172.0,832.0
194,2020-08-03_confirmed,51161.0,847.0
195,2020-08-04_confirmed,52179.0,862.0
196,2020-08-05_confirmed,52828.0,890.0
197,2020-08-06_confirmed,53557.0,899.0
198,2020-08-07_confirmed,54532.0,919.0
199,2020-08-08_confirmed,55419.0,949.0
200,2020-08-09_confirmed,56229.0,957.0
201,2020-08-10_confirmed,56971.0,963.0
202,2020-08-11_confirmed,57520.0,980.0
203,2020-08-12_confirmed,58047.0,995.0
204,2020-08-13_confirmed,58649.0,1030.0
205,2020-08-14_confirmed,59749.0,1045.0
206,2020-08-15_confirmed,60608.0,1069.0
207,2020-08-16_confirmed,61305.0,1072.0
208,2020-08-17_confirmed,61963.0,1072.0
209,2020-08-18_confirmed,62622.0,1072.0
210,2020-08-19_confirmed,63005.0,1072.0
211,2020-08-20_confirmed,63518.0,1171.0
212,2020-08-21_confirmed,64925.0,1195.0
213,2020-08-22_confirmed,65068.0,1197.0
214,2020-08-23_confirmed,65600.0,1197.0
215,2020-08-24_confirmed,66008.0,1200.0
216,2020-08-25_confirmed,66409.0,1230.0
217,2020-08-26_confirmed,66658.0,1250.0
218,2020-08-27_confirmed,67185.0,1250.0
219,2020-08-28_confirmed,67841.0,1287.0
220,2020-08-29_confirmed,68445.0,1301.0
221,2020-08-30_confirmed,68890.0,1302.0
222,2020-08-31_confirmed,69176.0,1302.0
223,2020-09-01_confirmed,69207.0,1305.0
224,2020-09-02_confirmed,69845.0,1336.0
225,2020-09-03_confirmed,69845.0,1336.0
226,2020-09-04_confirmed,70674.0,1373.0
227,2020-09-05_confirmed,71061.0,1386.0
228,2020-09-06_confirmed,71567.0,1389.0
229,2020-09-07_confirmed,71914.0,1393.0
230,2020-09-08_confirmed,72052.0,1393.0
231,2020-09-09_confirmed,72200.0,1412.0
232,2020-09-10_confirmed,72485.0,1429.0
233,2020-09-11_confirmed,72738.0,1439.0
234,2020-09-12_confirmed,73144.0,1449.0
235,2020-09-13_confirmed,73453.0,1449.0
236,2020-09-14_confirmed,73732.0,1456.0
237,2020-09-15_confirmed,74037.0,1482.0
238,2020-09-16_confirmed,74232.0,1494.0
239,2020-09-17_confirmed,74576.0,1506.0
240,2020-09-18_confirmed,75068.0,1524.0
241,2020-09-19_confirmed,75390.0,1528.0
242,2020-09-20_confirmed,75774.0,1530.0
243,2020-09-21_confirmed,76005.0,1531.0
244,2020-09-22_confirmed,76071.0,1531.0
245,2020-09-23_confirmed,76266.0,1546.0
246,2020-09-24_confirmed,77155.0,1564.0
247,2020-09-25_confirmed,77711.0,1573.0
248,2020-09-26_confirmed,78313.0,1582.0
249,2020-09-27_confirmed,78683.0,1585.0
250,2020-09-28_confirmed,79145.0,1585.0
251,2020-09-29_confirmed,79546.0,1592.0
252,2020-09-30_confirmed,79927.0,1600.0
253,2020-10-01_confirmed,80348.0,1603.0
254,2020-10-02_confirmed,81116.0,1609.0
255,2020-10-03_confirmed,81638.0,1620.0
256,2020-10-04_confirmed,82027.0,1623.0
257,2020-10-05_confirmed,82363.0,1623.0
258,2020-10-06_confirmed,82363.0,1623.0
259,2020-10-07_confirmed,83269.0,1636.0
260,2020-10-08_confirmed,83735.0,1649.0
261,2020-10-09_confirmed,84502.0,1657.0
262,2020-10-10_confirmed,85305.0,1659.0
263,2020-10-11_confirmed,85677.0,1661.0
264,2020-10-12_confirmed,86240.0,1664.0
265,2020-10-13_confirmed,86240.0,1664.0
266,2020-10-14_confirmed,87189.0,1691.0
267,2020-10-15_confirmed,87968.0,1691.0
268,2020-10-16_confirmed,88673.0,1707.0
269,2020-10-17_confirmed,88673.0,1707.0
270,2020-10-18_confirmed,90326.0,1711.0
271,2020-10-19_confirmed,90809.0,1712.0
272,2020-10-20_confirmed,91457.0,1727.0
273,2020-10-21_confirmed,92011.0,1732.0
274,2020-10-22_confirmed,92790.0,1736.0
275,2020-10-23_confirmed,93593.0,1738.0
276,2020-10-24_confirmed,94730.0,1743.0
277,2020-10-25_confirmed,95609.0,1748.0
278,2020-10-26_confirmed,96178.0,1749.0
279,2020-10-27_confirmed,96901.0,1756.0
280,2020-10-28_confirmed,97463.0,1766.0
281,2020-10-29_confirmed,98512.0,1769.0
282,2020-10-30_confirmed,99724.0,1777.0
283,2020-10-31_confirmed,100701.0,1777.0
284,2020-11-01_confirmed,100701.0,1777.0
285,2020-11-02_confirmed,102032.0,1783.0
286,2020-11-03_confirmed,102930.0,1806.0
287,2020-11-04_confirmed,103984.0,1813.0
288,2020-11-05_confirmed,105238.0,1823.0
289,2020-11-06_confirmed,106776.0,1843.0
290,2020-11-07_confirmed,108586.0,1848.0
291,2020-11-08_confirmed,109770.0,1849.0
292,2020-11-09_confirmed,110723.0,1850.0
293,2020-11-10_confirmed,112036.0,1856.0
294,2020-11-11_confirmed,113132.0,1874.0
295,2020-11-12_confirmed,114601.0,1877.0
296,2020-11-13_confirmed,116439.0,1890.0
297,2020-11-14_confirmed,118696.0,1905.0
298,2020-11-15_confirmed,119858.0,1906.0
299,2020-11-16_confirmed,121421.0,1914.0
300,2020-11-17_confirmed,123077.0,1941.0
301,2020-11-18_confirmed,124706.0,1944.0
302,2020-11-19_confirmed,127077.0,1950.0
303,2020-11-20_confirmed,128894.0,1979.0
304,2020-11-21_confirmed,130884.0,2007.0
305,2020-11-22_confirmed,130884.0,2007.0
306,2020-11-23_confirmed,135339.0,2018.0
307,2020-11-24_confirmed,138179.0,2041.0
308,2020-11-25_confirmed,140803.0,2064.0
309,2020-11-26_confirmed,140803.0,2064.0
310,2020-11-27_confirmed,144785.0,2088.0
311,2020-11-28_confirmed,147668.0,2112.0
312,2020-11-29_confirmed,148808.0,2129.0
313,2020-11-30_confirmed,150382.0,2137.0
314,2020-12-01_confirmed,153040.0,2160.0
315,2020-12-02_confirmed,155107.0,2188.0
316,2020-12-03_confirmed,157539.0,2231.0
317,2020-12-04_confirmed,160384.0,2254.0
318,2020-12-05_confirmed,163523.0,2282.0
319,2020-12-06_confirmed,166013.0,2296.0
320,2020-12-07_confirmed,168329.0,2300.0
321,2020-12-08_confirmed,170962.0,2339.0
322,2020-12-09_confirmed,173689.0,2364.0
323,2020-12-10_confirmed,175870.0,2413.0
324,2020-12-11_confirmed,177373.0,2455.0
325,2020-12-12_confirmed,181017.0,2496.0
326,2020-12-13_confirmed,183794.0,2513.0
327,2020-12-14_confirmed,186255.0,2522.0
328,2020-12-15_confirmed,188486.0,2570.0
329,2020-12-16_confirmed,190796.0,2622.0
330,2020-12-17_confirmed,192948.0,2642.0
331,2020-12-18_confirmed,195597.0,2675.0
332,2020-12-19_confirmed,198099.0,2718.0
333,2020-12-20_confirmed,198099.0,2718.0
334,2020-12-21_confirmed,202064.0,2752.0
335,2020-12-22_confirmed,203140.0,2788.0
336,2020-12-23_confirmed,206078.0,2835.0
337,2020-12-24_confirmed,208264.0,2878.0
338,2020-12-25_confirmed,208264.0,2878.0
339,2020-12-26_confirmed,211666.0,2903.0
340,2020-12-27_confirmed,212238.0,2910.0
341,2020-12-28_confirmed,213634.0,2924.0
342,2020-12-29_confirmed,214364.0,2932.0
343,2020-12-30_confirmed,216077.0,2978.0
344,2020-12-31_confirmed,220512.0,3079.0
345,2021-01-01_confirmed,222756.0,3097.0
346,2021-01-02_confirmed,224581.0,3102.0
347,2021-01-03_confirmed,227259.0,3133.0
348,2021-01-04_confirmed,227259.0,3133.0
349,2021-01-05_confirmed,228640.0,3156.0
350,2021-01-06_confirmed,232969.0,3241.0
351,2021-01-07_confirmed,236331.0,3279.0
352,2021-01-08_confirmed,239160.0,3328.0
353,2021-01-09_confirmed,241761.0,3380.0
354,2021-01-10_confirmed,244002.0,3395.0
355,2021-01-11_confirmed,245642.0,3428.0
356,2021-01-12_confirmed,245642.0,3428.0
357,2021-01-13_confirmed,248225.0,3474.0
358,2021-01-14_confirmed,251447.0,3582.0
359,2021-01-15_confirmed,251447.0,3582.0
360,2021-01-16_confirmed,255331.0,3680.0
361,2021-01-17_confirmed,256799.0,3697.0
362,2021-01-18_confirmed,256799.0,3697.0
363,2021-01-19_confirmed,259183.0,3709.0
364,2021-01-20_confirmed,259183.0,3709.0
365,2021-01-21_confirmed,261517.0,3825.0
366,2021-01-22_confirmed,263330.0,3872.0
367,2021-01-23_confirmed,264824.0,3923.0
368,2021-01-24_confirmed,265996.0,3935.0
369,2021-01-25_confirmed,265996.0,3935.0
370,2021-01-26_confirmed,267929.0,3996.0
371,2021-01-27_confirmed,268945.0,4042.0
372,2021-01-28_confirmed,268945.0,4042.0
373,2021-01-29_confirmed,271328.0,4124.0
374,2021-01-30_confirmed,272386.0,4167.0
375,2021-01-31_confirmed,273334.0,4173.0
376,2021-02-01_confirmed,274153.0,4181.0
377,2021-02-02_confirmed,274153.0,4181.0
378,2021-02-03_confirmed,275713.0,4275.0
379,2021-02-04_confirmed,276594.0,4326.0
380,2021-02-05_confirmed,277482.0,4365.0
381,2021-02-06_confirmed,277482.0,4365.0
382,2021-02-07_confirmed,279015.0,4421.0
383,2021-02-08_confirmed,279015.0,4421.0
384,2021-02-09_confirmed,279561.0,4423.0
385,2021-02-10_confirmed,280102.0,4459.0
386,2021-02-11_confirmed,281338.0,4535.0
387,2021-02-12_confirmed,281969.0,4561.0
388,2021-02-13_confirmed,282779.0,4592.0
389,2021-02-14_confirmed,282779.0,4592.0
390,2021-02-15_confirmed,283293.0,4607.0
391,2021-02-16_confirmed,283950.0,4631.0
392,2021-02-17_confirmed,283950.0,4631.0
393,2021-02-18_confirmed,283950.0,4631.0
394,2021-02-19_confirmed,285205.0,4730.0
395,2021-02-20_confirmed,285568.0,4764.0
396,2021-02-21_confirmed,285869.0,4768.0
397,2021-02-22_confirmed,285869.0,4768.0
398,2021-02-23_confirmed,286426.0,4799.0
399,2021-02-24_confirmed,286932.0,4816.0
400,2021-02-25_confirmed,287495.0,4830.0
401,2021-02-26_confirmed,287875.0,4839.0
402,2021-02-27_confirmed,288332.0,4854.0
403,2021-02-28_confirmed,288597.0,4854.0
404,2021-03-01_confirmed,288597.0,4854.0
405,2021-03-02_confirmed,288597.0,4854.0
406,2021-03-03_confirmed,289502.0,4883.0
407,2021-03-04_confirmed,289878.0,4901.0
408,2021-03-05_confirmed,290258.0,4916.0
409,2021-03-06_confirmed,290746.0,4931.0
410,2021-03-07_confirmed,290746.0,4931.0
411,2021-03-08_confirmed,291175.0,4935.0
412,2021-03-09_confirmed,291594.0,4948.0
413,2021-03-10_confirmed,291912.0,4961.0
414,2021-03-11_confirmed,291912.0,4961.0
415,2021-03-12_confirmed,293377.0,4991.0
416,2021-03-13_confirmed,293377.0,4991.0
417,2021-03-14_confirmed,294038.0,5011.0
418,2021-03-15_confirmed,294217.0,5014.0
419,2021-03-16_confirmed,294558.0,5028.0
420,2021-03-17_confirmed,294558.0,5028.0
421,2021-03-18_confirmed,295147.0,5050.0
422,2021-03-19_confirmed,295403.0,5054.0
423,2021-03-20_confirmed,295667.0,5062.0
424,2021-03-21_confirmed,295667.0,5062.0
425,2021-03-22_confirmed,296030.0,5064.0
426,2021-03-23_confirmed,296041.0,5064.0
427,2021-03-24_confirmed,296418.0,5093.0
428,2021-03-25_confirmed,296763.0,5103.0
429,2021-03-26_confirmed,297206.0,5115.0
430,2021-03-27_confirmed,297503.0,5123.0
431,2021-03-28_confirmed,297646.0,5124.0
432,2021-03-29_confirmed,297646.0,5124.0
433,2021-03-30_confirmed,298052.0,5127.0
434,2021-03-31_confirmed,298328.0,5137.0
435,2021-04-01_confirmed,298651.0,5144.0
436,2021-04-02_confirmed,298651.0,5144.0
437,2021-04-03_confirmed,299440.0,5161.0
438,2021-04-04_confirmed,299700.0,5161.0
439,2021-04-05_confirmed,299866.0,5162.0
440,2021-04-06_confirmed,305652.0,5298.0
441,2021-04-07_confirmed,305921.0,5309.0
442,2021-04-08_confirmed,306373.0,5314.0
443,2021-04-09_confirmed,306932.0,5323.0
444,2021-04-10_confirmed,307676.0,5332.0
445,2021-04-11_confirmed,308024.0,5332.0
446,2021-04-12_confirmed,308343.0,5332.0
447,2021-04-13_confirmed,308755.0,5339.0
448,2021-04-14_confirmed,309150.0,5353.0
449,2021-04-15_confirmed,309699.0,5359.0
450,2021-04-16_confirmed,310235.0,5365.0
451,2021-04-17_confirmed,310235.0,5365.0
452,2021-04-18_confirmed,310235.0,5365.0
453,2021-04-19_confirmed,310933.0,5368.0
454,2021-04-20_confirmed,311314.0,5377.0
455,2021-04-21_confirmed,311750.0,5388.0
456,2021-04-22_confirmed,312278.0,5400.0
457,2021-04-23_confirmed,312840.0,5422.0
458,2021-04-24_confirmed,312840.0,5422.0
459,2021-04-25_confirmed,312840.0,5422.0
460,2021-04-26_confirmed,313680.0,5433.0
461,2021-04-27_confirmed,314085.0,5444.0
462,2021-04-28_confirmed,314475.0,5448.0
463,2021-04-29_confirmed,314928.0,5459.0
464,2021-04-30_confirmed,315438.0,5464.0
465,2021-05-01_confirmed,315438.0,5464.0
466,2021-05-02_confirmed,315438.0,5464.0
467,2021-05-03_confirmed,316239.0,5473.0
468,2021-05-04_confirmed,316715.0,5480.0
469,2021-05-05_confirmed,317088.0,5487.0
470,2021-05-06_confirmed,317482.0,5490.0
471,2021-05-07_confirmed,317980.0,5498.0
472,2021-05-08_confirmed,317980.0,5498.0
473,2021-05-09_confirmed,317980.0,5498.0
474,2021-05-10_confirmed,318780.0,5506.0
475,2021-05-11_confirmed,319250.0,5509.0
476,2021-05-12_confirmed,319714.0,5515.0
477,2021-05-13_confirmed,320150.0,5523.0
478,2021-05-14_confirmed,320539.0,5530.0
479,2021-05-15_confirmed,320539.0,5530.0
480,2021-05-16_confirmed,320539.0,5530.0
481,2021-05-17_confirmed,321081.0,5533.0
482,2021-05-18_confirmed,321368.0,5540.0
483,2021-05-19_confirmed,321716.0,5545.0
484,2021-05-20_confirmed,322018.0,5550.0
485,2021-05-21_confirmed,322352.0,5552.0
486,2021-05-22_confirmed,322352.0,5552.0
487,2021-05-23_confirmed,322352.0,5552.0
488,2021-05-24_confirmed,322757.0,5559.0
489,2021-05-25_confirmed,323022.0,5563.0
490,2021-05-26_confirmed,323249.0,5570.0
491,2021-05-27_confirmed,323481.0,5578.0
492,2021-05-28_confirmed,323748.0,5586.0
493,2021-05-29_confirmed,323748.0,5586.0
494,2021-05-30_confirmed,323748.0,5586.0
495,2021-05-31_confirmed,323748.0,5586.0
496,2021-06-01_confirmed,324262.0,5590.0
497,2021-06-02_confirmed,324681.0,5593.0
498,2021-06-03_confirmed,325031.0,5599.0
499,2021-06-04_confirmed,325392.0,5600.0
500,2021-06-05_confirmed,325392.0,5600.0
501,2021-06-06_confirmed,325392.0,5600.0
502,2021-06-07_confirmed,326019.0,5607.0
503,2021-06-08_confirmed,326366.0,5610.0
504,2021-06-09_confirmed,326583.0,5617.0
505,2021-06-10_confirmed,326878.0,5621.0
506,2021-06-11_confirmed,327140.0,5622.0
507,2021-06-12_confirmed,327140.0,5622.0
508,2021-06-13_confirmed,327140.0,5622.0
509,2021-06-14_confirmed,327579.0,5626.0
510,2021-06-15_confirmed,327831.0,5631.0
511,2021-06-16_confirmed,328194.0,5635.0
512,2021-06-17_confirmed,328490.0,5642.0
513,2021-06-18_confirmed,328875.0,5649.0
514,2021-06-19_confirmed,328875.0,5649.0
515,2021-06-20_confirmed,328875.0,5649.0
516,2021-06-21_confirmed,329515.0,5646.0
517,2021-06-22_confirmed,329915.0,5653.0
518,2021-06-23_confirmed,330362.0,5654.0
519,2021-06-24_confirmed,330810.0,5664.0
520,2021-06-25_confirmed,331614.0,5667.0
521,2021-06-26_confirmed,331614.0,5667.0
522,2021-06-27_confirmed,331614.0,5667.0
523,2021-06-28_confirmed,332529.0,5670.0
524,2021-06-29_confirmed,333154.0,5678.0
525,2021-06-30_confirmed,333712.0,5681.0
526,2021-07-01_confirmed,334255.0,5692.0
527,2021-07-02_confirmed,334763.0,5697.0
528,2021-07-03_confirmed,334763.0,5697.0
529,2021-07-04_confirmed,334763.0,5697.0
530,2021-07-05_confirmed,334763.0,5697.0
531,2021-07-06_confirmed,336109.0,5702.0
532,2021-07-07_confirmed,336562.0,5705.0
533,2021-07-08_confirmed,337259.0,5707.0
534,2021-07-09_confirmed,338072.0,5720.0
535,2021-07-10_confirmed,338072.0,5720.0
536,2021-07-11_confirmed,338072.0,5720.0
537,2021-07-12_confirmed,339745.0,5730.0
538,2021-07-13_confirmed,340600.0,5731.0
539,2021-07-14_confirmed,341292.0,5737.0
540,2021-07-15_confirmed,342230.0,5752.0
541,2021-07-16_confirmed,343096.0,5758.0
542,2021-07-17_confirmed,343096.0,5758.0
543,2021-07-18_confirmed,343096.0,5758.0
544,2021-07-19_confirmed,345163.0,5761.0
545,2021-07-20_confirmed,346167.0,5761.0
546,2021-07-21_confirmed,347098.0,5789.0
547,2021-07-22_confirmed,348040.0,5797.0
548,2021-07-23_confirmed,349043.0,5817.0
549,2021-07-24_confirmed,349043.0,5817.0
550,2021-07-25_confirmed,349043.0,5817.0
551,2021-07-26_confirmed,351443.0,5837.0
552,2021-07-27_confirmed,352567.0,5854.0
553,2021-07-28_confirmed,353746.0,5874.0
554,2021-07-29_confirmed,355091.0,5900.0
555,2021-07-30_confirmed,356401.0,5912.0
556,2021-07-31_confirmed,356401.0,5912.0
557,2021-08-01_confirmed,356401.0,5912.0
558,2021-08-02_confirmed,358932.0,5918.0
559,2021-08-03_confirmed,360147.0,5929.0
560,2021-08-04_confirmed,361140.0,5953.0
561,2021-08-05_confirmed,362275.0,5979.0
562,2021-08-06_confirmed,363574.0,6005.0
563,2021-08-07_confirmed,363574.0,6005.0
564,2021-08-08_confirmed,363574.0,6005.0
565,2021-08-09_confirmed,366584.0,6040.0
566,2021-08-10_confirmed,367709.0,6080.0
567,2021-08-11_confirmed,368625.0,6096.0
568,2021-08-12_confirmed,369846.0,6120.0
569,2021-08-13_confirmed,371126.0,6160.0
570,2021-08-14_confirmed,371126.0,6160.0
571,2021-08-15_confirmed,371126.0,6160.0
572,2021-08-16_confirmed,373649.0,6190.0
573,2021-08-17_confirmed,374651.0,6223.0
574,2021-08-18_confirmed,376080.0,6248.0
575,2021-08-19_confirmed,377493.0,6259.0
576,2021-08-20_confirmed,378700.0,6280.0
577,2021-08-21_confirmed,378700.0,6280.0
578,2021-08-22_confirmed,378700.0,6280.0
579,2021-08-23_confirmed,381766.0,6306.0
580,2021-08-24_confirmed,382773.0,6352.0
581,2021-08-25_confirmed,384135.0,6376.0
582,2021-08-26_confirmed,385272.0,6398.0
583,2021-08-27_confirmed,386559.0,6433.0
584,2021-08-28_confirmed,386559.0,6433.0
585,2021-08-29_confirmed,386559.0,6433.0
586,2021-08-30_confirmed,389358.0,6479.0
587,2021-08-31_confirmed,390600.0,6510.0
588,2021-09-01_confirmed,392052.0,6539.0
589,2021-09-02_confirmed,393188.0,6565.0
590,2021-09-03_confirmed,394595.0,6583.0
591,2021-09-04_confirmed,394595.0,6583.0
592,2021-09-05_confirmed,394595.0,6583.0
593,2021-09-06_confirmed,394595.0,6583.0
594,2021-09-07_confirmed,397788.0,6604.0
595,2021-09-08_confirmed,399234.0,6637.0
596,2021-09-09_confirmed,400349.0,6681.0
597,2021-09-10_confirmed,401901.0,6702.0
598,2021-09-11_confirmed,401901.0,6702.0
599,2021-09-12_confirmed,401901.0,6702.0
600,2021-09-13_confirmed,404851.0,6728.0
601,2021-09-14_confirmed,406212.0,6763.0
602,2021-09-15_confirmed,407258.0,6789.0
603,2021-09-16_confirmed,408733.0,6821.0
604,2021-09-17_confirmed,410104.0,6845.0
605,2021-09-18_confirmed,410104.0,6845.0
606,2021-09-19_confirmed,410104.0,6845.0
607,2021-09-20_confirmed,412317.0,6880.0
608,2021-09-21_confirmed,413547.0,6918.0
609,2021-09-22_confirmed,414371.0,6948.0
610,2021-09-23_confirmed,415424.0,6983.0
611,2021-09-24_confirmed,416496.0,7015.0
612,2021-09-25_confirmed,416496.0,7015.0
613,2021-09-26_confirmed,416496.0,7015.0
614,2021-09-27_confirmed,418477.0,7045.0
615,2021-09-28_confirmed,419379.0,7073.0
616,2021-09-29_confirmed,420179.0,7107.0
617,2021-09-30_confirmed,421319.0,7150.0
618,2021-10-01_confirmed,422329.0,7166.0
619,2021-10-02_confirmed,422329.0,7166.0
620,2021-10-03_confirmed,422329.0,7166.0
621,2021-10-04_confirmed,433749.0,7188.0
622,2021-10-05_confirmed,434016.0,7221.0
623,2021-10-06_confirmed,434754.0,7246.0
624,2021-10-07_confirmed,434754.0,7246.0
625,2021-10-08_confirmed,436244.0,7285.0
626,2021-10-09_confirmed,436244.0,7285.0
627,2021-10-10_confirmed,436244.0,7285.0
628,2021-10-11_confirmed,438093.0,7315.0
629,2021-10-12_confirmed,439065.0,7345.0
630,2021-10-13_confirmed,439793.0,7367.0
631,2021-10-14_confirmed,440500.0,7412.0
632,2021-10-15_confirmed,441021.0,7422.0
633,2021-10-16_confirmed,441021.0,7422.0
634,2021-10-17_confirmed,441021.0,7422.0
635,2021-10-18_confirmed,442420.0,7451.0
636,2021-10-19_confirmed,443420.0,7466.0
637,2021-10-20_confirmed,444136.0,7484.0
638,2021-10-21_confirmed,444136.0,7484.0
639,2021-10-22_confirmed,445677.0,7523.0
640,2021-10-23_confirmed,445677.0,7523.0
641,2021-10-24_confirmed,445677.0,7523.0
642,2021-10-25_confirmed,447173.0,7547.0
643,2021-10-26_confirmed,447897.0,7577.0
644,2021-10-27_confirmed,448636.0,7600.0
645,2021-10-28_confirmed,449322.0,7631.0
646,2021-10-29_confirmed,449322.0,7631.0
647,2021-10-30_confirmed,449322.0,7631.0
648,2021-10-31_confirmed,449322.0,7631.0
649,2021-11-01_confirmed,451500.0,7656.0
650,2021-11-02_confirmed,452450.0,7668.0
651,2021-11-03_confirmed,453297.0,7677.0
652,2021-11-04_confirmed,454319.0,7692.0
653,2021-11-05_confirmed,455163.0,7713.0
654,2021-11-06_confirmed,455163.0,7713.0
655,2021-11-07_confirmed,455163.0,7713.0
656,2021-11-08_confirmed,457039.0,7759.0
657,2021-11-09_confirmed,457834.0,7778.0
658,2021-11-10_confirmed,458491.0,7797.0
659,2021-11-11_confirmed,458491.0,7797.0
660,2021-11-12_confirmed,459878.0,7809.0
661,2021-11-13_confirmed,459878.0,7809.0
662,2021-11-14_confirmed,459878.0,7809.0
663,2021-11-15_confirmed,461616.0,7845.0
664,2021-11-16_confirmed,462535.0,7873.0
665,2021-11-17_confirmed,463265.0,7884.0
666,2021-11-18_confirmed,463976.0,7900.0
667,2021-11-19_confirmed,464633.0,7919.0
668,2021-11-20_confirmed,464633.0,7919.0
669,2021-11-21_confirmed,464633.0,7919.0
670,2021-11-22_confirmed,466400.0,7931.0
671,2021-11-23_confirmed,467061.0,7954.0
672,2021-11-24_confirmed,467774.0,7973.0
673,2021-11-25_confirmed,467774.0,7973.0
674,2021-11-26_confirmed,467774.0,7973.0
675,2021-11-27_confirmed,467774.0,7973.0
676,2021-11-28_confirmed,467774.0,7973.0
677,2021-11-29_confirmed,469743.0,7985.0
678,2021-11-30_confirmed,470641.0,8017.0
679,2021-12-01_confirmed,471484.0,8032.0
680,2021-12-02_confirmed,472416.0,8050.0
681,2021-12-03_confirmed,473150.0,8070.0
682,2021-12-04_confirmed,473150.0,8070.0
683,2021-12-05_confirmed,473150.0,8070.0
684,2021-12-06_confirmed,474754.0,8110.0
685,2021-12-07_confirmed,475460.0,8126.0
686,2021-12-08_confirmed,476196.0,8146.0
687,2021-12-09_confirmed,477407.0,8153.0
688,2021-12-10_confirmed,478082.0,8189.0
689,2021-12-11_confirmed,478082.0,8189.0
690,2021-12-12_confirmed,478082.0,8189.0
691,2021-12-13_confirmed,479762.0,8201.0
692,2021-12-14_confirmed,480615.0,8227.0
693,2021-12-15_confirmed,481301.0,8244.0
694,2021-12-16_confirmed,482138.0,8263.0
695,2021-12-17_confirmed,483286.0,8278.0
696,2021-12-18_confirmed,483286.0,8278.0
697,2021-12-19_confirmed,483286.0,8278.0
698,2021-12-20_confirmed,485401.0,8311.0
699,2021-12-21_confirmed,486671.0,8339.0
700,2021-12-22_confirmed,487836.0,8354.0
701,2021-12-23_confirmed,489279.0,8364.0
702,2021-12-24_confirmed,489279.0,8364.0
703,2021-12-25_confirmed,489279.0,8364.0
704,2021-12-26_confirmed,489279.0,8364.0
705,2021-12-27_confirmed,493378.0,8367.0
706,2021-12-28_confirmed,495183.0,8392.0
707,2021-12-29_confirmed,497964.0,8407.0
708,2021-12-30_confirmed,501181.0,8420.0
709,2021-12-31_confirmed,501181.0,8420.0
710,2022-01-01_confirmed,501181.0,8420.0
711,2022-01-02_confirmed,501181.0,8420.0
712,2022-01-03_confirmed,514344.0,8428.0
713,2022-01-04_confirmed,517246.0,8468.0
714,2022-01-05_confirmed,520948.0,8488.0
715,2022-01-06_confirmed,523627.0,8506.0
716,2022-01-07_confirmed,528892.0,8510.0
717,2022-01-08_confirmed,528892.0,8510.0
718,2022-01-09_confirmed,528892.0,8510.0
719,2022-01-10_confirmed,546842.0,8528.0
720,2022-01-11_confirmed,552259.0,8561.0
721,2022-01-12_confirmed,558529.0,8584.0
722,2022-01-13_confirmed,565911.0,8606.0
723,2022-01-14_confirmed,572769.0,8627.0
724,2022-01-15_confirmed,572769.0,8627.0
725,2022-01-16_confirmed,572769.0,8627.0
726,2022-01-17_confirmed,572769.0,8627.0
727,2022-01-18_confirmed,596497.0,8654.0
728,2022-01-19_confirmed,601682.0,8688.0
729,2022-01-20_confirmed,607857.0,8709.0
730,2022-01-21_confirmed,614505.0,8736.0
731,2022-01-22_confirmed,614505.0,8736.0
732,2022-01-23_confirmed,614505.0,8736.0
733,2022-01-24_confirmed,630343.0,8760.0
734,2022-01-25_confirmed,633955.0,8797.0
735,2022-01-26_confirmed,638931.0,8837.0
736,2022-01-27_confirmed,643695.0,8875.0
737,2022-01-28_confirmed,648088.0,8914.0
738,2022-01-29_confirmed,648088.0,8914.0
739,2022-01-30_confirmed,648088.0,8914.0
740,2022-01-31_confirmed,656898.0,8951.0
741,2022-02-01_confirmed,659036.0,9012.0
742,2022-02-02_confirmed,661168.0,9050.0
743,2022-02-03_confirmed,663107.0,9084.0
744,2022-02-04_confirmed,665211.0,9144.0
745,2022-02-05_confirmed,665211.0,9144.0
746,2022-02-06_confirmed,665211.0,9144.0
747,2022-02-07_confirmed,668042.0,9186.0
748,2022-02-08_confirmed,669748.0,9236.0
749,2022-02-09_confirmed,671322.0,9270.0
750,2022-02-10_confirmed,672296.0,9311.0
751,2022-02-11_confirmed,673322.0,9335.0
752,2022-02-12_confirmed,673322.0,9335.0
753,2022-02-13_confirmed,673322.0,9335.0
754,2022-02-14_confirmed,673322.0,9335.0
755,2022-02-15_confirmed,675640.0,9421.0
756,2022-02-16_confirmed,676364.0,9446.0
757,2022-02-17_confirmed,676687.0,9489.0
758,2022-02-18_confirmed,677345.0,9508.0
759,2022-02-19_confirmed,677345.0,9508.0
760,2022-02-20_confirmed,677345.0,9508.0
761,2022-02-21_confirmed,677345.0,9508.0
762,2022-02-22_confirmed,677345.0,9508.0
763,2022-02-23_confirmed,678684.0,9575.0
764,2022-02-24_confirmed,679715.0,9613.0
765,2022-02-25_confirmed,681387.0,9664.0
766,2022-02-26_confirmed,681387.0,9664.0
767,2022-02-27_confirmed,681387.0,9664.0
768,2022-02-28_confirmed,683766.0,9704.0
769,2022-03-01_confirmed,684031.0,9716.0
770,2022-03-02_confirmed,684441.0,9753.0
771,2022-03-03_confirmed,684821.0,9774.0
772,2022-03-04_confirmed,684821.0,9774.0
773,2022-03-05_confirmed,684821.0,9774.0
774,2022-03-06_confirmed,684821.0,9774.0
775,2022-03-07_confirmed,685865.0,9820.0
776,2022-03-08_confirmed,686236.0,9844.0
777,2022-03-09_confirmed,686806.0,9875.0
778,2022-03-10_confirmed,687506.0,9895.0
779,2022-03-11_confirmed,688054.0,9922.0
780,2022-03-12_confirmed,688054.0,9922.0
781,2022-03-13_confirmed,688054.0,9922.0
782,2022-03-14_confirmed,688765.0,9922.0
783,2022-03-15_confirmed,688765.0,9922.0
784,2022-03-16_confirmed,688765.0,9922.0
785,2022-03-17_confirmed,688765.0,9922.0
786,2022-03-18_confirmed,688765.0,9922.0
787,2022-03-19_confirmed,704466.0,9949.0
788,2022-03-20_confirmed,704466.0,9949.0
789,2022-03-21_confirmed,704466.0,9949.0
790,2022-03-22_confirmed,704466.0,9949.0
791,2022-03-23_confirmed,705614.0,10031.0
792,2022-03-24_confirmed,705614.0,10031.0
793,2022-03-25_confirmed,705614.0,10031.0
794,2022-03-26_confirmed,705614.0,10031.0
795,2022-03-27_confirmed,705614.0,10031.0
796,2022-03-28_confirmed,705614.0,10031.0
797,2022-03-29_confirmed,705614.0,10031.0
798,2022-03-30_confirmed,706772.0,10091.0
799,2022-03-31_confirmed,706772.0,10091.0
800,2022-04-01_confirmed,706772.0,10091.0
801,2022-04-02_confirmed,706772.0,10091.0
802,2022-04-03_confirmed,706772.0,10091.0
803,2022-04-04_confirmed,706772.0,10091.0
804,2022-04-05_confirmed,706772.0,10091.0
805,2022-04-06_confirmed,707980.0,10136.0
806,2022-04-07_confirmed,707980.0,10136.0
807,2022-04-08_confirmed,707980.0,10136.0
808,2022-04-09_confirmed,707980.0,10136.0
809,2022-04-10_confirmed,707980.0,10136.0
810,2022-04-11_confirmed,707980.0,10136.0
811,2022-04-12_confirmed,707980.0,10136.0
812,2022-04-13_confirmed,709120.0,10501.0
813,2022-04-14_confirmed,709120.0,10501.0
814,2022-04-15_confirmed,709120.0,10501.0
815,2022-04-16_confirmed,709120.0,10501.0
816,2022-04-17_confirmed,709120.0,10501.0
817,2022-04-18_confirmed,709120.0,10501.0
818,2022-04-19_confirmed,709120.0,10501.0
819,2022-04-20_confirmed,710350.0,10684.0
820,2022-04-21_confirmed,710350.0,10684.0
821,2022-04-22_confirmed,710350.0,10684.0
822,2022-04-23_confirmed,710350.0,10684.0
823,2022-04-24_confirmed,710350.0,10684.0
824,2022-04-25_confirmed,710350.0,10684.0
825,2022-04-26_confirmed,710350.0,10684.0
826,2022-04-27_confirmed,712287.0,10752.0
827,2022-04-28_confirmed,712287.0,10752.0
828,2022-04-29_confirmed,712287.0,10752.0
829,2022-04-30_confirmed,712287.0,10752.0
830,2022-05-01_confirmed,712287.0,10752.0
831,2022-05-02_confirmed,712287.0,10752.0
832,2022-05-03_confirmed,712287.0,10752.0
833,2022-05-04_confirmed,712287.0,10752.0
834,2022-05-05_confirmed,712287.0,10752.0
835,2022-05-06_confirmed,712287.0,10752.0
836,2022-05-07_confirmed,712287.0,10752.0
837,2022-05-08_confirmed,712287.0,10752.0
838,2022-05-09_confirmed,712287.0,10752.0
839,2022-05-10_confirmed,712287.0,10752.0
840,2022-05-11_confirmed,717898.0,10798.0
841,2022-05-12_confirmed,717898.0,10798.0
842,2022-05-13_confirmed,717898.0,10798.0
843,2022-05-14_confirmed,717898.0,10798.0
844,2022-05-15_confirmed,717898.0,10798.0
845,2022-05-16_confirmed,717898.0,10798.0
846,2022-05-17_confirmed,717898.0,10798.0
847,2022-05-18_confirmed,722262.0,10824.0
848,2022-05-19_confirmed,722262.0,10824.0
849,2022-05-20_confirmed,722262.0,10824.0
850,2022-05-21_confirmed,722262.0,10824.0
851,2022-05-22_confirmed,722262.0,10824.0
852,2022-05-23_confirmed,722262.0,10824.0
853,2022-05-24_confirmed,722262.0,10824.0
854,2022-05-25_confirmed,728449.0,10872.0
855,2022-05-26_confirmed,728449.0,10872.0
856,2022-05-27_confirmed,728449.0,10872.0
857,2022-05-28_confirmed,728449.0,10872.0
858,2022-05-29_confirmed,728449.0,10872.0
859,2022-05-30_confirmed,728449.0,10872.0
860,2022-05-31_confirmed,728449.0,10872.0
861,2022-06-01_confirmed,735631.0,10896.0
862,2022-06-02_confirmed,735631.0,10896.0
863,2022-06-03_confirmed,735631.0,10896.0
864,2022-06-04_confirmed,735631.0,10896.0
865,2022-06-05_confirmed,735631.0,10896.0
866,2022-06-06_confirmed,735631.0,10896.0
867,2022-06-07_confirmed,735631.0,10896.0
868,2022-06-08_confirmed,742375.0,10935.0
869,2022-06-09_confirmed,742375.0,10935.0
870,2022-06-10_confirmed,742375.0,10935.0
871,2022-06-11_confirmed,742375.0,10935.0
872,2022-06-12_confirmed,742375.0,10935.0
873,2022-06-13_confirmed,742375.0,10935.0
874,2022-06-14_confirmed,742375.0,10935.0
875,2022-06-15_confirmed,751504.0,10967.0
876,2022-06-16_confirmed,751504.0,10967.0
877,2022-06-17_confirmed,751504.0,10967.0
878,2022-06-18_confirmed,751504.0,10967.0
879,2022-06-19_confirmed,751504.0,10967.0
880,2022-06-20_confirmed,751504.0,10967.0
881,2022-06-21_confirmed,751504.0,10967.0
882,2022-06-22_confirmed,751504.0,10967.0
883,2022-06-23_confirmed,751504.0,10967.0
884,2022-06-24_confirmed,751504.0,10967.0
885,2022-06-25_confirmed,751504.0,10967.0
886,2022-06-26_confirmed,751504.0,10967.0
887,2022-06-27_confirmed,751504.0,10967.0
888,2022-06-28_confirmed,751504.0,10967.0
889,2022-06-29_confirmed,766704.0,11039.0
890,2022-06-30_confirmed,766704.0,11039.0
891,2022-07-01_confirmed,766704.0,11039.0
892,2022-07-02_confirmed,766704.0,11039.0
893,2022-07-03_confirmed,766704.0,11039.0
894,2022-07-04_confirmed,766704.0,11039.0
895,2022-07-05_confirmed,766704.0,11039.0
896,2022-07-06_confirmed,774845.0,11074.0
897,2022-07-07_confirmed,774845.0,11074.0
898,2022-07-08_confirmed,774845.0,11074.0
899,2022-07-09_confirmed,774845.0,11074.0
900,2022-07-10_confirmed,774845.0,11074.0
901,2022-07-11_confirmed,774845.0,11074.0
902,2022-07-12_confirmed,774845.0,11074.0
903,2022-07-13_confirmed,782568.0,11141.0
904,2022-07-14_confirmed,782568.0,11141.0
905,2022-07-15_confirmed,782568.0,11141.0
906,2022-07-16_confirmed,782568.0,11141.0
907,2022-07-17_confirmed,782568.0,11141.0
908,2022-07-18_confirmed,782568.0,11141.0
909,2022-07-19_confirmed,782568.0,11141.0
910,2022-07-20_confirmed,789674.0,11189.0
911,2022-07-21_confirmed,789674.0,11189.0
912,2022-07-22_confirmed,789674.0,11189.0
913,2022-07-23_confirmed,789674.0,11189.0
914,2022-07-24_confirmed,789674.0,11189.0
915,2022-07-25_confirmed,789674.0,11189.0
916,2022-07-26_confirmed,789674.0,11189.0
917,2022-07-27_confirmed,819041.0,11221.0
918,2022-07-28_confirmed,819041.0,11221.0
919,2022-07-29_confirmed,819041.0,11221.0
920,2022-07-30_confirmed,819041.0,11221.0
921,2022-07-31_confirmed,819041.0,11221.0
922,2022-08-01_confirmed,819041.0,11221.0
923,2022-08-02_confirmed,819041.0,11221.0
924,2022-08-03_confirmed,823574.0,11257.0
925,2022-08-04_confirmed,823574.0,11257.0
926,2022-08-05_confirmed,823574.0,11257.0
927,2022-08-06_confirmed,823574.0,11257.0
928,2022-08-07_confirmed,823574.0,11257.0
929,2022-08-08_confirmed,823574.0,11257.0
930,2022-08-09_confirmed,823574.0,11257.0
931,2022-08-10_confirmed,827063.0,11297.0
932,2022-08-11_confirmed,827063.0,11297.0
933,2022-08-12_confirmed,827063.0,11297.0
934,2022-08-13_confirmed,827063.0,11297.0
935,2022-08-14_confirmed,827063.0,11297.0
936,2022-08-15_confirmed,827063.0,11297.0
937,2022-08-16_confirmed,827063.0,11297.0
938,2022-08-17_confirmed,829615.0,11353.0
939,2022-08-18_confirmed,829615.0,11353.0
940,2022-08-19_confirmed,829615.0,11353.0
941,2022-08-20_confirmed,829615.0,11353.0
942,2022-08-21_confirmed,829615.0,11353.0
943,2022-08-22_confirmed,829615.0,11353.0
944,2022-08-23_confirmed,829615.0,11353.0
945,2022-08-24_confirmed,832161.0,11375.0
946,2022-08-25_confirmed,832161.0,11375.0
947,2022-08-26_confirmed,832161.0,11375.0
948,2022-08-27_confirmed,832161.0,11375.0
949,2022-08-28_confirmed,832161.0,11375.0
950,2022-08-29_confirmed,832161.0,11375.0
951,2022-08-30_confirmed,832161.0,11375.0
952,2022-08-31_confirmed,833963.0,11400.0
953,2022-09-01_confirmed,833963.0,11400.0
954,2022-09-02_confirmed,833963.0,11400.0
955,2022-09-03_confirmed,833963.0,11400.0
956,2022-09-04_confirmed,833963.0,11400.0
957,2022-09-05_confirmed,833963.0,11400.0
958,2022-09-06_confirmed,833963.0,11400.0
959,2022-09-07_confirmed,835618.0,11417.0
960,2022-09-08_confirmed,835618.0,11417.0
961,2022-09-09_confirmed,835618.0,11417.0
962,2022-09-10_confirmed,835618.0,11417.0
963,2022-09-11_confirmed,835618.0,11417.0
964,2022-09-12_confirmed,835618.0,11417.0
965,2022-09-13_confirmed,835618.0,11417.0
966,2022-09-14_confirmed,835618.0,11417.0
967,2022-09-15_confirmed,835618.0,11417.0
968,2022-09-16_confirmed,835618.0,11417.0
969,2022-09-17_confirmed,835618.0,11417.0
970,2022-09-18_confirmed,835618.0,11417.0
971,2022-09-19_confirmed,835618.0,11417.0
972,2022-09-20_confirmed,835618.0,11417.0
973,2022-09-21_confirmed,839062.0,11475.0
974,2022-09-22_confirmed,839062.0,11475.0
975,2022-09-23_confirmed,839062.0,11475.0
976,2022-09-24_confirmed,839062.0,11475.0
977,2022-09-25_confirmed,839062.0,11475.0
978,2022-09-26_confirmed,839062.0,11475.0
979,2022-09-27_confirmed,839062.0,11475.0
980,2022-09-28_confirmed,839503.0,11501.0
981,2022-09-29_confirmed,839503.0,11501.0
982,2022-09-30_confirmed,839503.0,11501.0
983,2022-10-01_confirmed,839503.0,11501.0
984,2022-10-02_confirmed,839503.0,11501.0
985,2022-10-03_confirmed,839503.0,11501.0
986,2022-10-04_confirmed,839503.0,11501.0
987,2022-10-05_confirmed,840453.0,11516.0
988,2022-10-06_confirmed,840453.0,11516.0
989,2022-10-07_confirmed,840453.0,11516.0
990,2022-10-08_confirmed,840453.0,11516.0
991,2022-10-09_confirmed,840453.0,11516.0
992,2022-10-10_confirmed,840453.0,11516.0
993,2022-10-11_confirmed,840453.0,11516.0
994,2022-10-12_confirmed,841226.0,11531.0
995,2022-10-13_confirmed,841226.0,11531.0
996,2022-10-14_confirmed,841226.0,11531.0
997,2022-10-15_confirmed,841226.0,11531.0
998,2022-10-16_confirmed,841226.0,11531.0
999,2022-10-17_confirmed,841226.0,11531.0
1000,2022-10-18_confirmed,841226.0,11531.0
1001,2022-10-19_confirmed,842751.0,11544.0
1002,2022-10-20_confirmed,842751.0,11544.0
1003,2022-10-21_confirmed,842751.0,11544.0
1004,2022-10-22_confirmed,842751.0,11544.0
1005,2022-10-23_confirmed,842751.0,11544.0
1006,2022-10-24_confirmed,842751.0,11544.0
1007,2022-10-25_confirmed,842751.0,11544.0
1008,2022-10-26_confirmed,844220.0,11555.0
1009,2022-10-27_confirmed,844220.0,11555.0
1010,2022-10-28_confirmed,844220.0,11555.0
1011,2022-10-29_confirmed,844220.0,11555.0
1012,2022-10-30_confirmed,844220.0,11555.0
1013,2022-10-31_confirmed,844220.0,11555.0
1014,2022-11-01_confirmed,844220.0,11555.0
1015,2022-11-02_confirmed,845296.0,11570.0
1016,2022-11-03_confirmed,845296.0,11570.0
1017,2022-11-04_confirmed,845296.0,11570.0
1018,2022-11-05_confirmed,845296.0,11570.0
1019,2022-11-06_confirmed,845296.0,11570.0
1020,2022-11-07_confirmed,845296.0,11570.0
1021,2022-11-08_confirmed,845296.0,11570.0
1022,2022-11-09_confirmed,847599.0,11580.0
1023,2022-11-10_confirmed,847599.0,11580.0
1024,2022-11-11_confirmed,847599.0,11580.0
1025,2022-11-12_confirmed,847599.0,11580.0
1026,2022-11-13_confirmed,847599.0,11580.0
1027,2022-11-14_confirmed,847599.0,11580.0
1028,2022-11-15_confirmed,847599.0,11580.0
1029,2022-11-16_confirmed,849597.0,11600.0
1030,2022-11-17_confirmed,849597.0,11600.0
1031,2022-11-18_confirmed,849597.0,11600.0
1032,2022-11-19_confirmed,849597.0,11600.0
1033,2022-11-20_confirmed,849597.0,11600.0
1034,2022-11-21_confirmed,849597.0,11600.0
1035,2022-11-22_confirmed,849597.0,11600.0
1036,2022-11-23_confirmed,851596.0,11624.0
1037,2022-11-24_confirmed,851596.0,11624.0
1038,2022-11-25_confirmed,851596.0,11624.0
1039,2022-11-26_confirmed,851596.0,11624.0
1040,2022-11-27_confirmed,851596.0,11624.0
1041,2022-11-28_confirmed,851596.0,11624.0
1042,2022-11-29_confirmed,851596.0,11624.0
1043,2022-11-30_confirmed,854224.0,11630.0
1044,2022-12-01_confirmed,854224.0,11630.0
1045,2022-12-02_confirmed,854224.0,11630.0
1046,2022-12-03_confirmed,854224.0,11630.0
1047,2022-12-04_confirmed,854224.0,11630.0
1048,2022-12-05_confirmed,854224.0,11630.0
1049,2022-12-06_confirmed,854224.0,11630.0
1050,2022-12-07_confirmed,854224.0,11630.0
1051,2022-12-08_confirmed,854224.0,11630.0
1052,2022-12-09_confirmed,858056.0,11657.0
1053,2022-12-10_confirmed,858056.0,11657.0
1054,2022-12-11_confirmed,858056.0,11657.0
1055,2022-12-12_confirmed,858056.0,11657.0
1056,2022-12-13_confirmed,858056.0,11657.0
1057,2022-12-14_confirmed,858056.0,11657.0
1058,2022-12-15_confirmed,858056.0,11657.0
1059,2022-12-16_confirmed,860921.0,11677.0
1060,2022-12-17_confirmed,860921.0,11677.0
1061,2022-12-18_confirmed,860921.0,11677.0
1062,2022-12-19_confirmed,860921.0,11677.0
1063,2022-12-20_confirmed,860921.0,11677.0
1064,2022-12-21_confirmed,863297.0,11705.0
1065,2022-12-22_confirmed,863297.0,11705.0
1066,2022-12-23_confirmed,863297.0,11705.0
1067,2022-12-24_confirmed,863297.0,11705.0
1068,2022-12-25_confirmed,863297.0,11705.0
1069,2022-12-26_confirmed,863297.0,11705.0
1070,2022-12-27_confirmed,863297.0,11705.0
1071,2022-12-28_confirmed,863297.0,11705.0
1072,2022-12-29_confirmed,863297.0,11705.0
1073,2022-12-30_confirmed,865255.0,11751.0
1074,2022-12-31_confirmed,865255.0,11751.0
1075,2023-01-01_confirmed,865255.0,11751.0
1076,2023-01-02_confirmed,865255.0,11751.0
1077,2023-01-03_confirmed,865255.0,11751.0
1078,2023-01-04_confirmed,865255.0,11751.0
1079,2023-01-05_confirmed,865255.0,11751.0
1080,2023-01-06_confirmed,869276.0,11778.0
1081,2023-01-07_confirmed,869276.0,11778.0
1082,2023-01-08_confirmed,869276.0,11778.0
1083,2023-01-09_confirmed,869276.0,11778.0
1084,2023-01-10_confirmed,869276.0,11778.0
1085,2023-01-11_confirmed,869276.0,11778.0
1086,2023-01-12_confirmed,868806.0,11823.0
1087,2023-01-13_confirmed,868806.0,11823.0
1088,2023-01-14_confirmed,868806.0,11823.0
1089,2023-01-15_confirmed,868806.0,11823.0
1090,2023-01-16_confirmed,868806.0,11823.0
1091,2023-01-17_confirmed,868806.0,11823.0
1092,2023-01-18_confirmed,868806.0,11823.0
1093,2023-01-19_confirmed,870038.0,11834.0
1094,2023-01-20_confirmed,870038.0,11834.0
1095,2023-01-21_confirmed,870038.0,11834.0
1096,2023-01-22_confirmed,870038.0,11834.0
1097,2023-01-23_confirmed,870038.0,11834.0
1098,2023-01-24_confirmed,870038.0,11834.0
1099,2023-01-25_confirmed,870038.0,11834.0
1100,2023-01-26_confirmed,870038.0,11834.0
1101,2023-01-27_confirmed,871460.0,11875.0
1102,2023-01-28_confirmed,871460.0,11875.0
1103,2023-01-29_confirmed,871460.0,11875.0
1104,2023-01-30_confirmed,871460.0,11875.0
1105,2023-01-31_confirmed,871460.0,11875.0
1106,2023-02-01_confirmed,871460.0,11875.0
1107,2023-02-02_confirmed,872729.0,11867.0
1108,2023-02-03_confirmed,872729.0,11867.0
1109,2023-02-04_confirmed,872729.0,11867.0
1110,2023-02-05_confirmed,872729.0,11867.0
1111,2023-02-06_confirmed,872729.0,11867.0
1112,2023-02-07_confirmed,872729.0,11867.0
1113,2023-02-08_confirmed,872729.0,11867.0
1114,2023-02-09_confirmed,873931.0,11894.0
1115,2023-02-10_confirmed,873931.0,11894.0
1116,2023-02-11_confirmed,873931.0,11894.0
1117,2023-02-12_confirmed,873931.0,11894.0
1118,2023-02-13_confirmed,873931.0,11894.0
1119,2023-02-14_confirmed,873931.0,11894.0
1120,2023-02-15_confirmed,873931.0,11894.0
1121,2023-02-16_confirmed,873931.0,11894.0
1122,2023-02-17_confirmed,875194.0,11903.0
1123,2023-02-18_confirmed,875194.0,11903.0
1124,2023-02-19_confirmed,875194.0,11903.0
1125,2023-02-20_confirmed,875194.0,11903.0
1126,2023-02-21_confirmed,875194.0,11903.0
1127,2023-02-22_confirmed,875194.0,11903.0
1128,2023-02-23_confirmed,876294.0,11911.0
1129,2023-02-24_confirmed,876294.0,11911.0
1130,2023-02-25_confirmed,876294.0,11911.0
1131,2023-02-26_confirmed,876294.0,11911.0
1132,2023-02-27_confirmed,876294.0,11911.0
1133,2023-02-28_confirmed,876294.0,11911.0
1134,2023-03-01_confirmed,876294.0,11911.0
1135,2023-03-02_confirmed,876294.0,11911.0
1136,2023-03-03_confirmed,876294.0,11911.0
1137,2023-03-04_confirmed,876294.0,11911.0
1138,2023-03-05_confirmed,876294.0,11911.0
1139,2023-03-06_confirmed,876294.0,11911.0
1140,2023-03-07_confirmed,876294.0,11911.0
1141,2023-03-08_confirmed,876294.0,11911.0
1142,2023-03-09_confirmed,876294.0,11911.0
1143,2023-03-10_confirmed,878616.0,11922.0
1144,2023-03-11_confirmed,878616.0,11922.0
1145,2023-03-12_confirmed,878616.0,11922.0
1146,2023-03-13_confirmed,878616.0,11922.0
1147,2023-03-14_confirmed,878616.0,11922.0
1148,2023-03-15_confirmed,878616.0,11922.0
1149,2023-03-16_confirmed,878616.0,11922.0
1150,2023-03-17_confirmed,880172.0,11937.0
1151,2023-03-18_confirmed,880172.0,11937.0
1152,2023-03-19_confirmed,880172.0,11937.0
1153,2023-03-20_confirmed,880172.0,11937.0
1154,2023-03-21_confirmed,880172.0,11937.0
1155,2023-03-22_confirmed,880172.0,11937.0
1156,2023-03-23_confirmed,880172.0,11937.0
1157,2023-03-24_confirmed,881263.0,11952.0
1158,2023-03-25_confirmed,881263.0,11952.0
1159,2023-03-26_confirmed,881263.0,11952.0
1160,2023-03-27_confirmed,881263.0,11952.0
1161,2023-03-28_confirmed,881263.0,11952.0
1162,2023-03-29_confirmed,881263.0,11952.0
1163,2023-03-30_confirmed,881263.0,11952.0
1164,2023-03-31_confirmed,882261.0,11957.0
1165,2023-04-01_confirmed,882261.0,11957.0
1166,2023-04-02_confirmed,882261.0,11957.0
1167,2023-04-03_confirmed,882261.0,11957.0
1168,2023-04-04_confirmed,882261.0,11957.0
1169,2023-04-05_confirmed,882261.0,11957.0
1170,2023-04-06_confirmed,883150.0,11973.0
1171,2023-04-07_confirmed,883150.0,11973.0
1172,2023-04-08_confirmed,883150.0,11973.0
1173,2023-04-09_confirmed,883150.0,11973.0
1174,2023-04-10_confirmed,883150.0,11973.0
1175,2023-04-11_confirmed,883150.0,11973.0
1176,2023-04-12_confirmed,883150.0,11973.0
1177,2023-04-13_confirmed,883150.0,11973.0
1178,2023-04-14_confirmed,883930.0,11976.0
1179,2023-04-15_confirmed,883930.0,11976.0
1180,2023-04-16_confirmed,883930.0,11976.0
1181,2023-04-17_confirmed,883930.0,11976.0
1182,2023-04-18_confirmed,883930.0,11976.0
1183,2023-04-19_confirmed,883930.0,11976.0
1184,2023-04-20_confirmed,883930.0,11976.0
1185,2023-04-21_confirmed,884785.0,11981.0
1186,2023-04-22_confirmed,884785.0,11981.0
1187,2023-04-23_confirmed,884785.0,11981.0
1188,2023-04-24_confirmed,884785.0,11981.0
1189,2023-04-25_confirmed,884785.0,11981.0
1190,2023-04-26_confirmed,884785.0,11981.0
1191,2023-04-27_confirmed,884785.0,11981.0
1192,2023-04-28_confirmed,885739.0,11984.0
1193,2023-04-29_confirmed,885739.0,11984.0
1194,2023-04-30_confirmed,885739.0,11984.0
1195,2023-05-01_confirmed,885739.0,11984.0
1196,2023-05-02_confirmed,885739.0,11984.0
1197,2023-05-03_confirmed,885739.0,11984.0
1198,2023-05-04_confirmed,886381.0,11998.0
1199,2023-05-05_confirmed,886381.0,11998.0
1200,2023-05-06_confirmed,886381.0,11998.0
1201,2023-05-07_confirmed,886381.0,11998.0
1202,2023-05-08_confirmed,886381.0,11998.0
1203,2023-05-09_confirmed,886381.0,11998.0
1204,2023-05-10_confirmed,887008.0,12008.0
1205,2023-05-11_confirmed,887008.0,12008.0
1206,2023-05-12_confirmed,887008.0,12008.0
1207,2023-05-13_confirmed,887008.0,12008.0
1208,2023-05-15_confirmed,887008.0,12008.0
1209,2023-05-16_confirmed,887008.0,12008.0
1210,2023-05-17_confirmed,887008.0,12008.0
1211,2023-05-18_confirmed,887562.0,12014.0
1212,2023-05-19_confirmed,887562.0,12014.0
1213,2023-05-20_confirmed,887562.0,12014.0
1214,2023-05-21_confirmed,887562.0,12014.0
1215,2023-05-22_confirmed,887562.0,12014.0
1216,2023-05-23_confirmed,887562.0,12014.0
1217,2023-05-24_confirmed,888099.0,12023.0
1218,2023-05-25_confirmed,888099.0,12023.0
1219,2023-05-26_confirmed,888099.0,12023.0
1220,2023-05-27_confirmed,888099.0,12023.0
1221,2023-05-28_confirmed,888099.0,12023.0
1222,2023-05-29_confirmed,888099.0,12023.0
1223,2023-06-12_confirmed,888993.0,12054.0
1224,2023-06-13_confirmed,888993.0,12054.0
1225,2023-06-14_confirmed,888993.0,12054.0
1226,2023-06-15_confirmed,889357.0,12059.0
1227,2023-06-16_confirmed,889357.0,12059.0
1228,2023-06-17_confirmed,889357.0,12059.0
1229,2023-06-18_confirmed,889357.0,12059.0
1230,2023-06-19_confirmed,889357.0,12059.0
1231,2023-06-20_confirmed,889357.0,12059.0
1232,2023-06-21_confirmed,889357.0,12059.0
1233,2023-06-22_confirmed,889668.0,12067.0
1234,2023-06-23_confirmed,889668.0,12067.0
1235,2023-06-24_confirmed,889668.0,12067.0
1236,2023-06-25_confirmed,889668.0,12067.0
1237,2023-06-26_confirmed,889668.0,12067.0
1238,2023-06-27_confirmed,889668.0,12067.0
1239,2023-06-28_confirmed,889668.0,12067.0
1240,2023-06-29_confirmed,890071.0,12069.0
1241,2023-06-30_confirmed,890071.0,12069.0
1242,2023-07-01_confirmed,890071.0,12069.0
1243,2023-07-02_confirmed,890071.0,12069.0
1244,2023-07-03_confirmed,890071.0,12069.0
1245,2023-07-04_confirmed,890071.0,12069.0
1246,2023-07-05_confirmed,890071.0,12069.0
1247,2023-07-06_confirmed,890071.0,12069.0
1248,2023-07-07_confirmed,890510.0,12075.0
1249,2023-07-08_confirmed,890510.0,12075.0
1250,2023-07-09_confirmed,890510.0,12075.0
1251,2023-07-10_confirmed,890510.0,12075.0
1252,2023-07-11_confirmed,890510.0,12075.0
1253,2023-07-12_confirmed,890510.0,12075.0
1254,2023-07-13_confirmed,891729.0,12080.0
1255,2023-07-14_confirmed,891729.0,12080.0
1256,2023-07-15_confirmed,891729.0,12080.0
1257,2023-07-16_confirmed,891729.0,12080.0
1258,2023-07-17_confirmed,891729.0,12080.0
1259,2023-07-18_confirmed,891729.0,12080.0
1260,2023-07-19_confirmed,891729.0,12080.0
1261,2023-07-20_confirmed,892252.0,12084.0
1262,2023-07-21_confirmed,892252.0,12084.0
1263,2023-07-22_confirmed,892252.0,12084.0
1264,2023-07-23_confirmed,892252.0,12084.0
